change_month,prior_snapshot_month,change_type,dealer_name,state,city,prior_canonical_id,current_canonical_id,prior_address,current_address,detail
2021-08-01,2021-07-01,move_or_detail_change,Lux Bond & Green,Connecticut,West Hartford,LUXBONDGREEN46LASALLEROADWESTHARTFORDCONNECTICUT06107,LUXBONDGREEN46LAWESTHARTFORDCONNECTICUT06107,46 La Salle Road,46 La,address
2021-08-01,2021-07-01,opening,Rolex Boutique Tourneau,New York,New York,,ROLEXBOUTIQUETOURNEAU29359THAVENEWYORKNEWYORK10014,,29-35 9th Ave,new_canonical_id
2021-09-01,2021-08-01,closure,Ben Bridge Jeweler,Minnesota,Bloomington,BENBRIDGEJEWELER136WESTMARKETBLOOMINGTONMINNESOTA55425,,136 West Market,,missing_from_current_snapshot
2021-09-01,2021-08-01,move_or_detail_change,Schiffman's Jewelers,North Carolina,Greensboro,SCHIFFMANSJEWELERS3116NORTHLINEAVENUEGREENSBORONORTHCAROLINA27408,SCHIFFMANSJEWELERS811FRIENDLYCENTERROADGREENSBORONORTHCAROLINA27408,3116 Northline Avenue,811 Friendly Center Road,address
2021-09-01,2021-08-01,opening,Watches of Switzerland,Minnesota,Bloomington,,WATCHESOFSWITZERLAND136WESTMARKETBLOOMINGTONMINNESOTA55425,,136 West Market,new_canonical_id
2021-10-01,2021-09-01,closure,R.P. Ellis Fine Jewelry,Montana,Missoula,RPELLISFINEJEWELRY228NORTHHIGGINSAVENUEMISSOULAMONTANA59802,,228 North Higgins Avenue,,missing_from_current_snapshot
2021-10-01,2021-09-01,closure,Tourneau,New York,New York,TOURNEAU10956THAVENUENEWYORKNEWYORK10036,,1095 6th Avenue,,missing_from_current_snapshot
2021-10-01,2021-09-01,closure,Tourneau,Pennsylvania,King of Prussia,TOURNEAU160NORTHGULPHROADKINGOFPRUSSIAPENNSYLVANIA19406,,160 North Gulph Road,,missing_from_current_snapshot
2021-10-01,2021-09-01,closure,Tourneau,New York,Huntington Station,TOURNEAU160WALTWHITMANROADHUNTINGTONSTATIONNEWYORK11746,,160 Walt Whitman Road,,missing_from_current_snapshot
2021-10-01,2021-09-01,closure,Tourneau,New York,New York,TOURNEAU510MADISONAVENUENEWYORKNEWYORK10022,,510 Madison Avenue,,missing_from_current_snapshot
2021-10-01,2021-09-01,closure,Tourneau Time Machine,New York,New York,TOURNEAUTIMEMACHINE601MADISONAVENUENEWYORKNEWYORK10022,,601 Madison Avenue,,missing_from_current_snapshot
2021-10-01,2021-09-01,move_or_detail_change,Alson Jewelers,Ohio,Cleveland,ALSONJEWELERS28149CHAGRINBLVDCLEVELANDOHIO44122,ALSONJEWELERS28149CHAGRINBOULEVARDCLEVELANDOHIO44122,28149 Chagrin Blvd,28149 Chagrin Boulevard,address
2021-10-01,2021-09-01,move_or_detail_change,Lee Michaels Fine Jewelry,New Mexico,FAlbuquerque,LEEMICHAELSFINEJEWELRY2201AFALBUQUERQUENEWMEXICO87110,LEEMICHAELSFINEJEWELRY2201QSTREETNFALBUQUERQUENEWMEXICO87110,2201 A,2201 Q Street N,address
2021-10-01,2021-09-01,move_or_detail_change,Mayors Jewelers,Florida,Orlando,MAYORSJEWELERS4200CONROYROADORLANDOFLORIDA32809,MAYORSJEWELERS8001SOUTHORANGEBLOSSOMTRAILORLANDOFLORIDA32809,4200 Conroy Road,8001 South Orange Blossom Trail,address
2021-10-01,2021-09-01,opening,Rolex Boutique London,New Jersey,Short Hills,,ROLEXBOUTIQUELONDON1200MORRISTURNPIKESHORTHILLSNEWJERSEY07078,,1200 Morris Turnpike,new_canonical_id
2021-10-01,2021-09-01,opening,Tourneau | Bucherer,New York,New York,,TOURNEAUBUCHERER10956THAVENUENEWYORKNEWYORK10036,,1095 6th Avenue,new_canonical_id
2021-10-01,2021-09-01,opening,Tourneau | Bucherer,Pennsylvania,Plaza at King of Prussia [Street3]King of Prussia,,TOURNEAUBUCHERER160NORTHGULPHROADPLAZAATKINGOFPRUSSIASTREET3KINGOFPRUSSIAPENNSYLVANIA19406,,160 North Gulph Road,new_canonical_id
2021-10-01,2021-09-01,opening,Tourneau | Bucherer,New York,New York,,TOURNEAUBUCHERER510MADISONAVENUENEWYORKNEWYORK10022,,510 Madison Avenue,new_canonical_id
2021-10-01,2021-09-01,opening,Tourneau | Bucherer Time Machine,New York,New York,,TOURNEAUBUCHERERTIMEMACHINE12EAST57THSTREETNEWYORKNEWYORK10022,,12 East 57th Street,new_canonical_id
2021-11-01,2021-10-01,closure,Bachendorf's,Texas,Dallas,BACHENDORFS8400PRESTONROADDALLASTEXAS75225,,8400 Preston Road,,missing_from_current_snapshot
2021-11-01,2021-10-01,closure,Tourneau,Massachusetts,Boston,TOURNEAU100HUNTINGTONAVENUEBOSTONMASSACHUSETTS02116,,100 Huntington Avenue,,missing_from_current_snapshot
2021-11-01,2021-10-01,closure,Tourneau,Virginia,Arlington,TOURNEAU1100SOUTHHAYESSTARLINGTONVIRGINIA22202,,1100 South Hayes St,,missing_from_current_snapshot
2021-11-01,2021-10-01,closure,Tourneau,New York,AWhite Plains,TOURNEAU125WESTCHESTERAVENUEAWHITEPLAINSNEWYORK10601,,125 Westchester Avenue,,missing_from_current_snapshot
2021-11-01,2021-10-01,closure,Tourneau,Florida,Palm Beach,TOURNEAU175WORTHAVENUEPALMBEACHFLORIDA33480,,175 Worth Avenue,,missing_from_current_snapshot
2021-11-01,2021-10-01,closure,Tourneau,Hawaii,Lahaina,TOURNEAU2435KAANAPALIPARKWAYLAHAINAHAWAII96761,,2435 Kaanapali Parkway,,missing_from_current_snapshot
2021-11-01,2021-10-01,closure,Tourneau,Hawaii,Wailea,TOURNEAU3750WAILEAALANUIDRIVEWAILEAHAWAII96753,,3750 Wailea Alanui Drive,,missing_from_current_snapshot
2021-11-01,2021-10-01,closure,Tourneau,Florida,Naples,TOURNEAU5495TAMIAMITRAILNORTHNAPLESFLORIDA34108,,5495 Tamiami Trail North,,missing_from_current_snapshot
2021-11-01,2021-10-01,closure,Tourneau,New York,Garden City,TOURNEAU630OLDCOUNTRYROADGARDENCITYNEWYORK11530,,630 Old Country Road,,missing_from_current_snapshot
2021-11-01,2021-10-01,closure,Tourneau,Florida,Bal Harbour,TOURNEAU9700COLLINSAVENUEBALHARBOURFLORIDA33154,,9700 Collins Avenue,,missing_from_current_snapshot
2021-11-01,2021-10-01,closure,Tourneau Time Dome,Nevada,Las Vegas,TOURNEAUTIMEDOME3500LASVEGASBLVDSOUTHLASVEGASNEVADA89109,,3500 Las Vegas Blvd South,,missing_from_current_snapshot
2021-11-01,2021-10-01,closure,Tourneau | Bucherer,New York,New York,TOURNEAUBUCHERER10956THAVENUENEWYORKNEWYORK10036,,1095 6th Avenue,,missing_from_current_snapshot
2021-11-01,2021-10-01,closure,Tourneau | Bucherer,Pennsylvania,Plaza at King of Prussia [Street3]King of Prussia,TOURNEAUBUCHERER160NORTHGULPHROADPLAZAATKINGOFPRUSSIASTREET3KINGOFPRUSSIAPENNSYLVANIA19406,,160 North Gulph Road,,missing_from_current_snapshot
2021-11-01,2021-10-01,closure,Tourneau | Bucherer,New York,New York,TOURNEAUBUCHERER510MADISONAVENUENEWYORKNEWYORK10022,,510 Madison Avenue,,missing_from_current_snapshot
2021-11-01,2021-10-01,closure,Tourneau | Bucherer Time Machine,New York,New York,TOURNEAUBUCHERERTIMEMACHINE12EAST57THSTREETNEWYORKNEWYORK10022,,12 East 57th Street,,missing_from_current_snapshot
2021-11-01,2021-10-01,move_or_detail_change,McCaskill & Company Fine Jewelry,Florida,Miami Beach,MCCASKILLCOMPANYFINEJEWELRY13390HIGHWAY98WESTMIRAMARBEACHFLORIDA32550,MCCASKILLCOMPANYFINEJEWELRY13390HIGHWAY98WESTMIAMIBEACHFLORIDA32550,13390 Highway 98 West,13390 Highway 98 West,city
2021-11-01,2021-10-01,move_or_detail_change,Wilson & Son Jewelers,New York,Scarsdale,WILSONSONJEWELERS18CHASEROADSCARSDALENEWYORK10583,WILSONSONJEWELERS10SPENCERPLACESCARSDALENEWYORK10583,18 Chase Road,10 Spencer Place,address
2021-11-01,2021-10-01,opening,Bucherer 1888,New York,New York,,BUCHERER188810956THAVENUENEWYORKNEWYORK10036,,1095 6th Avenue,new_canonical_id
2021-11-01,2021-10-01,opening,Bucherer 1888,Pennsylvania,Plaza at King of Prussia [Street3]King of Prussia,,BUCHERER1888160NORTHGULPHROADPLAZAATKINGOFPRUSSIASTREET3KINGOFPRUSSIAPENNSYLVANIA19406,,160 North Gulph Road,new_canonical_id
2021-11-01,2021-10-01,opening,Bucherer 1888,New York,New York,,BUCHERER1888510MADISONAVENUENEWYORKNEWYORK10022,,510 Madison Avenue,new_canonical_id
2021-11-01,2021-10-01,opening,Bucherer 1888 Time Machine,New York,New York,,BUCHERER1888TIMEMACHINE12EAST57THSTREETNEWYORKNEWYORK10022,,12 East 57th Street,new_canonical_id
2021-11-01,2021-10-01,opening,Rolex Boutique Bachendorf's,Texas,Dallas,,ROLEXBOUTIQUEBACHENDORFS85DALLASTEXAS75205,,85,new_canonical_id
2021-11-01,2021-10-01,opening,Tourneau | Bucherer,Massachusetts,Boston,,TOURNEAUBUCHERER100HUNTINGTONAVENUEBOSTONMASSACHUSETTS02116,,100 Huntington Avenue,new_canonical_id
2021-11-01,2021-10-01,opening,Tourneau | Bucherer,Virginia,Arlington,,TOURNEAUBUCHERER1100SOUTHHAYESSTARLINGTONVIRGINIA22202,,1100 South Hayes St,new_canonical_id
2021-11-01,2021-10-01,opening,Tourneau | Bucherer,New York,AWhite Plains,,TOURNEAUBUCHERER125WESTCHESTERAVENUEAWHITEPLAINSNEWYORK10601,,125 Westchester Avenue,new_canonical_id
2021-11-01,2021-10-01,opening,Tourneau | Bucherer,Florida,Palm Beach,,TOURNEAUBUCHERER175WORTHAVENUEPALMBEACHFLORIDA33480,,175 Worth Avenue,new_canonical_id
2021-11-01,2021-10-01,opening,Tourneau | Bucherer,Hawaii,Lahaina,,TOURNEAUBUCHERER2435KAANAPALIPARKWAYLAHAINAHAWAII96761,,2435 Kaanapali Parkway,new_canonical_id
2021-11-01,2021-10-01,opening,Tourneau | Bucherer,Hawaii,Wailea,,TOURNEAUBUCHERER3750WAILEAALANUIDRIVEWAILEAHAWAII96753,,3750 Wailea Alanui Drive,new_canonical_id
2021-11-01,2021-10-01,opening,Tourneau | Bucherer,Florida,Naples,,TOURNEAUBUCHERER5495TAMIAMITRAILNORTHNAPLESFLORIDA34108,,5495 Tamiami Trail North,new_canonical_id
2021-11-01,2021-10-01,opening,Tourneau | Bucherer,New York,Garden City,,TOURNEAUBUCHERER630OLDCOUNTRYROADGARDENCITYNEWYORK11530,,630 Old Country Road,new_canonical_id
2021-11-01,2021-10-01,opening,Tourneau | Bucherer,Florida,Bal Harbour,,TOURNEAUBUCHERER9700COLLINSAVENUEBALHARBOURFLORIDA33154,,9700 Collins Avenue,new_canonical_id
2021-11-01,2021-10-01,opening,Tourneau | Bucherer Time Dome,Nevada,Las Vegas,,TOURNEAUBUCHERERTIMEDOME3500LASVEGASBLVDSOUTHLASVEGASNEVADA89109,,3500 Las Vegas Blvd South,new_canonical_id
2021-12-01,2021-11-01,closure,Lewis Jewelers,Texas,Houston,LEWISJEWELERS19335GULFFREEWAYHOUSTONTEXAS77598,,19335 Gulf Freeway,,missing_from_current_snapshot
2021-12-01,2021-11-01,closure,Lux Bond & Green,Massachusetts,Wellesley,LUXBONDGREEN60CENTRALSTREETWELLESLEYMASSACHUSETTS02482,,60 Central Street,,missing_from_current_snapshot
2021-12-01,2021-11-01,move_or_detail_change,Bucherer 1888,Pennsylvania,King of Prussia,BUCHERER1888160NORTHGULPHROADPLAZAATKINGOFPRUSSIASTREET3KINGOFPRUSSIAPENNSYLVANIA19406,BUCHERER1888160NORTHGULPHROADKINGOFPRUSSIAPENNSYLVANIA19406,160 North Gulph Road,160 North Gulph Road,city
2021-12-01,2021-11-01,move_or_detail_change,McCaskill & Company Fine Jewelry,Florida,Destin,MCCASKILLCOMPANYFINEJEWELRY13390HIGHWAY98WESTMIAMIBEACHFLORIDA32550,MCCASKILLCOMPANYFINEJEWELRY13390HIGHWAY98WESTDESTINFLORIDA32550,13390 Highway 98 West,13390 Highway 98 West,city
2021-12-01,2021-11-01,move_or_detail_change,Tiny Jewel Box,Columbia,WWashington District of,TINYJEWELBOX1155CONNECTICUTAVENUENDCDISTRICTOFCOLUMBIA20036,TINYJEWELBOX1155CONNECTICUTAVENUENWWASHINGTONDISTRICTOFCOLUMBIA20036,1155 Connecticut Avenue N,1155 Connecticut Avenue N,city
2021-12-01,2021-11-01,opening,James & Sons,Illinois,Naperville,,JAMESSONS110SOUTHWASHINGTONSTREETNAPERVILLEILLINOIS60540,,110 South Washington Street,new_canonical_id
2022-01-01,2021-12-01,closure,Bernie Robbins Jewelers,Pennsylvania,Newtown,BERNIEROBBINSJEWELERS200NORTHSYCAMORESTREETNEWTOWNPENNSYLVANIA18940,,200 North Sycamore Street,,missing_from_current_snapshot
2022-01-01,2021-12-01,closure,Foxwoods Resort Casino,Connecticut,Mashantucket,FOXWOODSRESORTCASINOPOBOX3777MASHANTUCKETCONNECTICUT06338,,P.O. Box 3777,,missing_from_current_snapshot
2022-01-01,2021-12-01,closure,Goldstein Swank & Gordon,Massachusetts,Marlborough,GOLDSTEINSWANKGORDON601DONALDLYNCHBOULEVARDMARLBOROUGHMASSACHUSETTS01752,,601 Donald Lynch Boulevard,,missing_from_current_snapshot
2022-01-01,2021-12-01,closure,Govindji's,Texas,Richardson,GOVINDJIS245NORTHCENTRALEXPRESSWAYRICHARDSONTEXAS75080,,245 North Central Expressway,,missing_from_current_snapshot
2022-01-01,2021-12-01,closure,Harold Freeman Jewelers,Florida,100 Indian Rocks Road N.Belleair Bluffs,HAROLDFREEMANJEWELERS100INDIANROCKSROADNBELLEAIRBLUFFSFLORIDA33770100INDIANROCKSROADNBELLEAIRBLUFFSFLORIDA33770,,100 Indian Rocks Road N.Belleair Bluffs Florida 33770,,missing_from_current_snapshot
2022-01-01,2021-12-01,closure,Henry Wilson Jewelers,New York,East Syracuse,HENRYWILSONJEWELERS5795BRIDGESTREETEASTSYRACUSENEWYORK13057,,5795 Bridge Street,,missing_from_current_snapshot
2022-01-01,2021-12-01,closure,I.W. Marks,Texas,Houston,IWMARKS3841BELLAIREBOULEVARDHOUSTONTEXAS77025,,3841 Bellaire Boulevard,,missing_from_current_snapshot
2022-01-01,2021-12-01,closure,Kranich's Jewelers,Pennsylvania,State College,KRANICHSJEWELERS2020NORTHATHERTONSTREETSTATECOLLEGEPENNSYLVANIA16803,,2020 North Atherton Street,,missing_from_current_snapshot
2022-01-01,2021-12-01,closure,Moody's Jewelry,Oklahoma,Tulsa,MOODYSJEWELRY7015SOUTHLEWISTULSAOKLAHOMA74136,,7015 South Lewis,,missing_from_current_snapshot
2022-01-01,2021-12-01,closure,R.C. Wahl Jewelers,Illinois,Des Plaines,RCWAHLJEWELERS1514MINERSTREETDESPLAINESILLINOIS60016,,1514 Miner Street,,missing_from_current_snapshot
2022-01-01,2021-12-01,closure,Randy Cooper's Fine Jewelry,Kansas,Wichita,RANDYCOOPERSFINEJEWELRY1856NORTHROCKROADWICHITAKANSAS67206,,1856 North Rock Road,,missing_from_current_snapshot
2022-01-01,2021-12-01,closure,Reeds Jewelers,South Carolina,Mt. Pleasant,REEDSJEWELERS1239BELKDRIVEMTPLEASANTSOUTHCAROLINA29464,,1239 Belk Drive,,missing_from_current_snapshot
2022-01-01,2021-12-01,closure,Rolex Boutique Wempe,New York,New York,ROLEXBOUTIQUEWEMPE665FIFTHAVENUENEWYORKNEWYORK10022,,665 Fifth Avenue,,missing_from_current_snapshot
2022-01-01,2021-12-01,closure,Saint Cross Diamond Company,California,Los Angeles,SAINTCROSSDIAMONDCOMPANY928SOUTHWESTERNAVENUELOSANGELESCALIFORNIA90006,,928 South Western Avenue,,missing_from_current_snapshot
2022-01-01,2021-12-01,closure,Sidney Thomas Jewelers,Delaware,Newark,SIDNEYTHOMASJEWELERS112CHRISTIANAMALLNEWARKDELAWARE19702,,112 Christiana Mall,,missing_from_current_snapshot
2022-01-01,2021-12-01,move_or_detail_change,Lasker Jewelers,Minnesota,WRoche,LASKERJEWELERS101FIRSTSTREETSWROCHESTERMINNESOTA55902,LASKERJEWELERS101FIRSTSTREETSWROCHEMINNESOTA55902,101 First Street S,101 First Street S,city
2022-02-01,2022-01-01,move_or_detail_change,Rolex Boutique Tourneau,Illinois,Chicago,ROLEXBOUTIQUETOURNEAU636NORTHMICHIGANAVENUECHICAGOILLINOIS60611,ROLEXBOUTIQUETOURNEAU701NORTHMICHIGANAVENUECHICAGOILLINOIS60611,636 North Michigan Avenue,701 North Michigan Avenue,address
2022-03-01,2022-02-01,closure,Lee Michaels Fine Jewelry,Louisiana,Shreveport,LEEMICHAELSFINEJEWELRY6605YOUREEDRIVESHREVEPORTLOUISIANA71105,,6605 Youree Drive,,missing_from_current_snapshot
2022-03-01,2022-02-01,move_or_detail_change,Perrywinkle's Fine Jewelry,Massachusetts,Burlington,PERRYWINKLESFINEJEWELRY227MAINSTREETBURLINGTONVERMONT05401,PERRYWINKLESFINEJEWELRY227MAINSTREETBURLINGTONMASSACHUSETTS05401,227 Main Street,227 Main Street,state
2022-04-01,2022-03-01,move_or_detail_change,Perrywinkle's Fine Jewelry,Vermont,Burlington,PERRYWINKLESFINEJEWELRY227MAINSTREETBURLINGTONMASSACHUSETTS05401,PERRYWINKLESFINEJEWELRY227MAINSTREETBURLINGTONVERMONT05401,227 Main Street,227 Main Street,state
2022-04-01,2022-03-01,move_or_detail_change,Rolex Boutique Fourtané,California,ASan Diego,ROLEXBOUTIQUEFOURTANE7007FRIARSROADSANDIEGOCALIFORNIA92108,ROLEXBOUTIQUEFOURTANE7007FRIARSROADASANDIEGOCALIFORNIA92108,7007 Friars Road,7007 Friars Road,city
2022-04-01,2022-03-01,move_or_detail_change,Rummele's Jewelers,Wisconsin,Green Bay,RUMMELESJEWELERS234SOUTHADAMSSTREETGREENBAYWISCONSIN54305,RUMMELESJEWELERS234SOUTHADAMSSTREETGREENBAYWISCONSIN54301,234 South Adams Street,234 South Adams Street,zip_code
2022-04-01,2022-03-01,move_or_detail_change,Tourneau - Bucherer Time Dome,Nevada,ALas Vegas,TOURNEAUBUCHERERTIMEDOME3500LASVEGASBLVDSOUTHLASVEGASNEVADA89109,TOURNEAUBUCHERERTIMEDOME3500LASVEGASBLVDSOUTHALASVEGASNEVADA89109,3500 Las Vegas Blvd South,3500 Las Vegas Blvd South,city
2022-05-01,2022-04-01,closure,Juhas & Sullivan,Michigan,Grand Rapids,JUHASSULLIVAN1100EASTPARISAVENUESGRANDRAPIDSMICHIGAN49546,,1100 East Paris Avenue S,,missing_from_current_snapshot
2022-05-01,2022-04-01,closure,London Jewelers,New York,New York,LONDONJEWELERS185GREENWICHSTREETNEWYORKNEWYORK10007,,185 Greenwich Street,,missing_from_current_snapshot
2022-05-01,2022-04-01,opening,Watches of Switzerland,Ohio,Cincinnati,,WATCHESOFSWITZERLAND7875MONTGOMERYROADCINCINNATIOHIO45236,,7875 Montgomery Road,new_canonical_id
2022-06-01,2022-05-01,closure,Ben Bridge Jeweler,Hawaii,BHonolulu,BENBRIDGEJEWELER1450ALAMOANABOULEVARDBHONOLULUHAWAII96814,,1450 Ala Moana Boulevard,,missing_from_current_snapshot
2022-07-01,2022-06-01,closure,Bachendorf's,Texas,Dallas,BACHENDORFS13350DALLASPARKWAYDALLASTEXAS75240,,13350 Dallas Parkway,,missing_from_current_snapshot
2022-07-01,2022-06-01,closure,Bachendorf's,Texas,Fort Worth,BACHENDORFS5175MONAHANSAVENUEFORTWORTHTEXAS76109,,5175 Monahans Avenue,,missing_from_current_snapshot
2022-07-01,2022-06-01,closure,Ben Bridge Jeweler,Texas,Austin,BENBRIDGEJEWELER11601CENTURYOAKSTERRACEAUSTINTEXAS78758,,11601 Century Oaks Terrace,,missing_from_current_snapshot
2022-07-01,2022-06-01,closure,Ben Bridge Jeweler,California,Riverside,BENBRIDGEJEWELER1236TYLERSTREETRIVERSIDECALIFORNIA92503,,1236 Tyler Street,,missing_from_current_snapshot
2022-07-01,2022-06-01,closure,Ben Bridge Jeweler,Hawaii,Honolulu,BENBRIDGEJEWELER1450ALAMOANABOULEVARDHONOLULUHAWAII96814,,1450 Ala Moana Boulevard,,missing_from_current_snapshot
2022-07-01,2022-06-01,closure,Ben Bridge Jeweler,California,BTorrance,BENBRIDGEJEWELER21540HAWTHORNEBOULEVARDBTORRANCECALIFORNIA90503,,21540 Hawthorne Boulevard,,missing_from_current_snapshot
2022-07-01,2022-06-01,closure,Ben Bridge Jeweler,Arizona,Tucson,BENBRIDGEJEWELER2905EASTSKYLINEDRIVETUCSONARIZONA85718,,2905 East Skyline Drive,,missing_from_current_snapshot
2022-07-01,2022-06-01,closure,Ben Bridge Jeweler,Washington,Lynnwood,BENBRIDGEJEWELER3000184THSTREETSLYNNWOODWASHINGTON98037,,3000 184th Street S,,missing_from_current_snapshot
2022-07-01,2022-06-01,closure,Ben Bridge Jeweler,Alaska,Anchorage,BENBRIDGEJEWELER3104SEWARDHIGHWAYANCHORAGEALASKA99503,,3104 Seward Highway,,missing_from_current_snapshot
2022-07-01,2022-06-01,closure,Ben Bridge Jeweler,California,San Diego,BENBRIDGEJEWELER4505LAJOLLAVILLAGEDRIVESANDIEGOCALIFORNIA92122,,4505 La Jolla Village Drive,,missing_from_current_snapshot
2022-07-01,2022-06-01,closure,Ben Bridge Jeweler,California,Thousand Oaks,BENBRIDGEJEWELER450WESTHILLCRESTDRIVETHOUSANDOAKSCALIFORNIA91360,,450 West Hillcrest Drive,,missing_from_current_snapshot
2022-07-01,2022-06-01,closure,Ben Bridge Jeweler,California,ACanoga Park,BENBRIDGEJEWELER6600TOPANGACANYONBOULEVARDACANOGAPARKCALIFORNIA91303,,6600 Topanga Canyon Boulevard,,missing_from_current_snapshot
2022-07-01,2022-06-01,closure,Ben Bridge Jeweler,Oregon,Portland,BENBRIDGEJEWELER801SPORTLANDOREGON97204,,801 S,,missing_from_current_snapshot
2022-07-01,2022-06-01,closure,Ben Bridge Jeweler,Washington,Tukwila,BENBRIDGEJEWELER81WESTFIELDSOUTHCENTERTUKWILAWASHINGTON98188,,81 Westfield Southcenter,,missing_from_current_snapshot
2022-07-01,2022-06-01,closure,Ben Bridge Jeweler,Colorado,Lone Tree,BENBRIDGEJEWELER8505PARKMEADOWSCENTERDRIVELONETREECOLORADO80124,,8505 Park Meadows Center Drive,,missing_from_current_snapshot
2022-07-01,2022-06-01,closure,Ben Bridge Jeweler,Oregon,Portland,BENBRIDGEJEWELER9518SPORTLANDOREGON97223,,9518 S,,missing_from_current_snapshot
2022-07-01,2022-06-01,closure,Bernie Robbins Jewelers,New Jersey,Marlton,BERNIEROBBINSJEWELERS500ROUTE73SOUTHMARLTONNEWJERSEY08053,,500 Route 73 South,,missing_from_current_snapshot
2022-07-01,2022-06-01,closure,Bucherer 1888,New York,New York,BUCHERER188810956THAVENUENEWYORKNEWYORK10036,,1095 6th Avenue,,missing_from_current_snapshot
2022-07-01,2022-06-01,closure,Bucherer 1888,Pennsylvania,King of Prussia,BUCHERER1888160NORTHGULPHROADKINGOFPRUSSIAPENNSYLVANIA19406,,160 North Gulph Road,,missing_from_current_snapshot
2022-07-01,2022-06-01,closure,De Vons Jewelers,California,Roseville,DEVONSJEWELERS1151GALLERIABLVDROSEVILLECALIFORNIA95678,,1151 Galleria Blvd,,missing_from_current_snapshot
2022-07-01,2022-06-01,closure,De Vons Jewelers,California,Stockton,DEVONSJEWELERS220LINCOLNCENTERSTOCKTONCALIFORNIA95207,,220 Lincoln Center,,missing_from_current_snapshot
2022-07-01,2022-06-01,closure,Deutsch & Deutsch,Texas,Victoria,DEUTSCHDEUTSCH6007NVICTORIATEXAS77904,,6007 N,,missing_from_current_snapshot
2022-07-01,2022-06-01,closure,Deutsch & Deutsch,Texas,El Paso,DEUTSCHDEUTSCH8889GATEWAYBOULEVARDWESTELPASOTEXAS79925,,8889 Gateway Boulevard West,,missing_from_current_snapshot
2022-07-01,2022-06-01,closure,Fink's Jewelers,Virginia,Charlottesville,FINKSJEWELERS1025EMMETSTREETNORTHCHARLOTTESVILLEVIRGINIA22903,,1025 Emmet Street North,,missing_from_current_snapshot
2022-07-01,2022-06-01,closure,Fink's Jewelers,Virginia,Richmond,FINKSJEWELERS11800WESTBROADSTREETRICHMONDVIRGINIA23233,,11800 West Broad Street,,missing_from_current_snapshot
2022-07-01,2022-06-01,closure,Fink's Jewelers,Virginia,Virginia Beach,FINKSJEWELERS1612LASKINROADVIRGINIABEACHVIRGINIA23451,,1612 Laskin Road,,missing_from_current_snapshot
2022-07-01,2022-06-01,closure,Fink's Jewelers,North Carolina,Huntersville,FINKSJEWELERS16745BIRKDALECOMMONSPARKWAYHUNTERSVILLENORTHCAROLINA28078,,16745 Birkdale Commons Parkway,,missing_from_current_snapshot
2022-07-01,2022-06-01,closure,Fink's Jewelers,North Carolina,Raleigh,FINKSJEWELERS4321LASSITERATNORTHHILLSRALEIGHNORTHCAROLINA27609,,4321 Lassiter at North Hills,,missing_from_current_snapshot
2022-07-01,2022-06-01,closure,Fink's Jewelers,North Carolina,Charlotte,FINKSJEWELERS4400SHARONROADCHARLOTTENORTHCAROLINA28211,,4400 Sharon Road,,missing_from_current_snapshot
2022-07-01,2022-06-01,closure,Fink's Jewelers,North Carolina,Durham,FINKSJEWELERS6910FAYETTEVILLEROADDURHAMNORTHCAROLINA27713,,6910 Fayetteville Road,,missing_from_current_snapshot
2022-07-01,2022-06-01,closure,Gunderson's Jewelers,Nebraska,Omaha,GUNDERSONSJEWELERS17255DAVENPORTSTREETOMAHANEBRASKA68118,,17255 Davenport Street,,missing_from_current_snapshot
2022-07-01,2022-06-01,closure,Gunderson's Jewelers,Iowa,Sioux City,GUNDERSONSJEWELERS4830SERGEANTRDSIOUXCITYIOWA51106,,4830 Sergeant Rd,,missing_from_current_snapshot
2022-07-01,2022-06-01,closure,Hyde Park Jewelers,Colorado,Denver,HYDEPARKJEWELERS3000EAST1STAVENUEDENVERCOLORADO80206,,3000 East 1st Avenue,,missing_from_current_snapshot
2022-07-01,2022-06-01,closure,Hyde Park Jewelers,Arizona,Scottsdale,HYDEPARKJEWELERS7014EASTCAMELBACKROADSCOTTSDALEARIZONA85251,,7014 East Camelback Road,,missing_from_current_snapshot
2022-07-01,2022-06-01,closure,Hyde Park Jewelers,California,Newport Beach,HYDEPARKJEWELERS817NEWPORTCENTERDRIVENEWPORTBEACHCALIFORNIA92660,,817 Newport Center Drive,,missing_from_current_snapshot
2022-07-01,2022-06-01,closure,Lee Michaels Fine Jewelry,Texas,San Antonio,LEEMICHAELSFINEJEWELRY15900LACANTERAPKWYSANANTONIOTEXAS78256,,15900 La Cantera Pkwy,,missing_from_current_snapshot
2022-07-01,2022-06-01,closure,Lee Michaels Fine Jewelry,New Mexico,FAlbuquerque,LEEMICHAELSFINEJEWELRY2201QSTREETNFALBUQUERQUENEWMEXICO87110,,2201 Q Street N,,missing_from_current_snapshot
2022-07-01,2022-06-01,closure,Lee Michaels Fine Jewelry,Louisiana,BMetairie,LEEMICHAELSFINEJEWELRY3301VETERANSBOULEVARDBMETAIRIELOUISIANA70002,,3301 Veterans Boulevard,,missing_from_current_snapshot
2022-07-01,2022-06-01,closure,Lee Michaels Fine Jewelry,Texas,San Antonio,LEEMICHAELSFINEJEWELRY7400SANPEDROAVENUESANANTONIOTEXAS78216,,7400 San Pedro Avenue,,missing_from_current_snapshot
2022-07-01,2022-06-01,closure,Liljenquist & Beckstead,Virginia,MMc Lean,LILJENQUISTBECKSTEAD2001INTERNATIONALDRIVEMMCLEANVIRGINIA22102,,2001 International Drive,,missing_from_current_snapshot
2022-07-01,2022-06-01,closure,Liljenquist & Beckstead,Maryland,Bethesda,LILJENQUISTBECKSTEAD7101DEMOCRACYBOULEVARDBETHESDAMARYLAND20817,,7101 Democracy Boulevard,,missing_from_current_snapshot
2022-07-01,2022-06-01,closure,Liljenquist & Beckstead,Virginia,Vienna,LILJENQUISTBECKSTEAD8075LEESBURGPIKEVIENNAVIRGINIA22182,,8075 Leesburg Pike,,missing_from_current_snapshot
2022-07-01,2022-06-01,closure,Long's Jewelers,Massachusetts,Braintree,LONGSJEWELERS250GRANITESTREETBRAINTREEMASSACHUSETTS02184,,250 Granite Street,,missing_from_current_snapshot
2022-07-01,2022-06-01,closure,Long's Jewelers,Massachusetts,Burlington,LONGSJEWELERS60BURLINGTONMASSACHUSETTS01803,,60,,missing_from_current_snapshot
2022-07-01,2022-06-01,closure,Lucido Fine Jewelry,Michigan,Birmingham,LUCIDOFINEJEWELRY250NORTHOLDWOODWARDAVENUEBIRMINGHAMMICHIGAN48009,,250 North Old Woodward Avenue,,missing_from_current_snapshot
2022-07-01,2022-06-01,closure,Lucido Fine Jewelry,Michigan,Sterling Heights,LUCIDOFINEJEWELRY42825SCHOENHERRROADSTERLINGHEIGHTSMICHIGAN48313,,42825 Schoenherr Road,,missing_from_current_snapshot
2022-07-01,2022-06-01,closure,Lux Bond & Green,Connecticut,Glastonbury,LUXBONDGREEN140GLASTONBURYBOULEVARDGLASTONBURYCONNECTICUT06033,,140 Glastonbury Boulevard,,missing_from_current_snapshot
2022-07-01,2022-06-01,closure,Lux Bond & Green,Connecticut,West Hartford,LUXBONDGREEN46LAWESTHARTFORDCONNECTICUT06107,,46 La,,missing_from_current_snapshot
2022-07-01,2022-06-01,closure,Mayors Jewelers,Florida,Sarasota,MAYORSJEWELERS140UNIVERSITYTOWNCENTERDRIVESARASOTAFLORIDA34243,,140 University Town Center Drive,,missing_from_current_snapshot
2022-07-01,2022-06-01,closure,Mayors Jewelers,Florida,Miami,MAYORSJEWELERS1455NMIAMIFLORIDA33172,,1455 N,,missing_from_current_snapshot
2022-07-01,2022-06-01,closure,Mayors Jewelers,Florida,Aventura,MAYORSJEWELERS19575BISCAYNEBLVDAVENTURAFLORIDA33180,,19575 Biscayne Blvd,,missing_from_current_snapshot
2022-07-01,2022-06-01,closure,Mayors Jewelers,Florida,Tampa,MAYORSJEWELERS2223NORTHWESTSHOREBLVDTAMPAFLORIDA33607,,2223 North Westshore Blvd,,missing_from_current_snapshot
2022-07-01,2022-06-01,closure,Mayors Jewelers,Florida,Ft. Lauderdale,MAYORSJEWELERS2472EASTSUNRISEBOULEVARDFTLAUDERDALEFLORIDA33304,,2472 East Sunrise Boulevard,,missing_from_current_snapshot
2022-07-01,2022-06-01,closure,Mayors Jewelers,Georgia,BAtlanta,MAYORSJEWELERS3393PEACHTREEROADNBATLANTAGEORGIA30326,,3393 Peachtree Road N,,missing_from_current_snapshot
2022-07-01,2022-06-01,closure,Mayors Jewelers,Florida,Coral Gables,MAYORSJEWELERS342SANLORENZOAVEVILLAGEOFMERRICKPARKCORALGABLESFLORIDA33146,,342 San Lorenzo Ave.Village of Merrick Park,,missing_from_current_snapshot
2022-07-01,2022-06-01,closure,Mayors Jewelers,Florida,Jacksonville,MAYORSJEWELERS4834RIVERCITYDRIVEJACKSONVILLEFLORIDA32246,,4834 River City Drive,,missing_from_current_snapshot
2022-07-01,2022-06-01,closure,Mayors Jewelers,Florida,Boca Raton,MAYORSJEWELERS6000GLADESROADBOCARATONFLORIDA33431,,6000 Glades Road,,missing_from_current_snapshot
2022-07-01,2022-06-01,closure,Mayors Jewelers,Florida,Miami,MAYORSJEWELERS7535NORTHKENDALLDRIVEMIAMIFLORIDA33156,,7535 North Kendall Drive,,missing_from_current_snapshot
2022-07-01,2022-06-01,closure,Mayors Jewelers,Florida,Orlando,MAYORSJEWELERS8001SOUTHORANGEBLOSSOMTRAILORLANDOFLORIDA32809,,8001 South Orange Blossom Trail,,missing_from_current_snapshot
2022-07-01,2022-06-01,closure,R.F. Moeller Jeweler,Minnesota,Saint Paul,RFMOELLERJEWELER2065FORDPARKWAYSAINTPAULMINNESOTA55116,,2065 Ford Parkway,,missing_from_current_snapshot
2022-07-01,2022-06-01,closure,R.F. Moeller Jeweler,Minnesota,Edina,RFMOELLERJEWELER5020FRANCEAVENUEEDINAMINNESOTA55410,,5020 France Avenue,,missing_from_current_snapshot
2022-07-01,2022-06-01,closure,Reeds Jewelers,Texas,Corpus Christi,REEDSJEWELERS5488SOUTHSPADREDRCORPUSCHRISTITEXAS78411,,5488 South S Padre Dr,,missing_from_current_snapshot
2022-07-01,2022-06-01,closure,Reeds Jewelers,North Carolina,Wilmington,REEDSJEWELERS926INSPIRATIONDRIVEWILMINGTONNORTHCAROLINA28405,,926 Inspiration Drive,,missing_from_current_snapshot
2022-07-01,2022-06-01,closure,Rolex Boutique Gearys,California,Los Angeles,ROLEXBOUTIQUEGEARYS10250SANTAMONICABOULEVARDLOSANGELESCALIFORNIA90067,,10250 Santa Monica Boulevard,,missing_from_current_snapshot
2022-07-01,2022-06-01,closure,Rolex Boutique Gearys,California,Santa Monica,ROLEXBOUTIQUEGEARYS395SANTAMONICAPLACESANTAMONICACALIFORNIA90401,,395 Santa Monica Place,,missing_from_current_snapshot
2022-07-01,2022-06-01,closure,Rolex Boutique Tourneau,Hawaii,Honolulu,ROLEXBOUTIQUETOURNEAU2330KALAKAUAAVENUEHONOLULUHAWAII96815,,2330 Kalakaua Avenue,,missing_from_current_snapshot
2022-07-01,2022-06-01,closure,Rolex Boutique Tourneau,California,Costa Mesa,ROLEXBOUTIQUETOURNEAU3333BRISTOLSTREETCOSTAMESACALIFORNIA92626,,3333 Bristol Street,,missing_from_current_snapshot
2022-07-01,2022-06-01,closure,Rolex Boutique Tourneau,Illinois,Chicago,ROLEXBOUTIQUETOURNEAU701NORTHMICHIGANAVENUECHICAGOILLINOIS60611,,701 North Michigan Avenue,,missing_from_current_snapshot
2022-07-01,2022-06-01,closure,Rolex Boutique Tourneau,California,San Francisco,ROLEXBOUTIQUETOURNEAU845MARKETSTREETSANFRANCISCOCALIFORNIA94103,,845 Market Street,,missing_from_current_snapshot
2022-07-01,2022-06-01,closure,Rolex Boutique Tourneau,Florida,Bal Harbour,ROLEXBOUTIQUETOURNEAU9700COLLINSAVENUEBALHARBOURFLORIDA33154,,9700 Collins Avenue,,missing_from_current_snapshot
2022-07-01,2022-06-01,closure,T-Bird Jewels,Nevada,Las Vegas,TBIRDJEWELS1990VILLAGECENTERCIRCLELASVEGASNEVADA89134,,1990 Village Center Circle,,missing_from_current_snapshot
2022-07-01,2022-06-01,closure,Tapper's Jewelry,Michigan,Novi,TAPPERSJEWELRY27716NOVIROADNOVIMICHIGAN48377,,27716 Novi Road,,missing_from_current_snapshot
2022-07-01,2022-06-01,closure,Tapper's Jewelry,Michigan,Troy,TAPPERSJEWELRY2800WESTBIGBEAVERROADTROYMICHIGAN48084,,2800 West Big Beaver Road,,missing_from_current_snapshot
2022-07-01,2022-06-01,closure,Tapper's Jewelry,Michigan,West Bloomfield,TAPPERSJEWELRY6337ORCHARDLAKEROADWESTBLOOMFIELDMICHIGAN48322,,6337 Orchard Lake Road,,missing_from_current_snapshot
2022-07-01,2022-06-01,closure,Thomas Markle Jewelers,Texas,Houston,THOMASMARKLEJEWELERS947NORTHGESSNERROADHOUSTONTEXAS77024,,947 North Gessner Road,,missing_from_current_snapshot
2022-07-01,2022-06-01,closure,Thomas Markle Jewelers,Texas,The Woodlands,THOMASMARKLEJEWELERS9595SIXPINESDRIVETHEWOODLANDSTEXAS77380,,9595 Six Pines Drive,,missing_from_current_snapshot
2022-07-01,2022-06-01,closure,Tourneau - Bucherer,Massachusetts,Boston,TOURNEAUBUCHERER100HUNTINGTONAVENUEBOSTONMASSACHUSETTS02116,,100 Huntington Avenue,,missing_from_current_snapshot
2022-07-01,2022-06-01,closure,Tourneau - Bucherer,Virginia,Arlington,TOURNEAUBUCHERER1100SOUTHHAYESSTARLINGTONVIRGINIA22202,,1100 South Hayes St,,missing_from_current_snapshot
2022-07-01,2022-06-01,closure,Tourneau - Bucherer,New York,AWhite Plains,TOURNEAUBUCHERER125WESTCHESTERAVENUEAWHITEPLAINSNEWYORK10601,,125 Westchester Avenue,,missing_from_current_snapshot
2022-07-01,2022-06-01,closure,Tourneau - Bucherer,Florida,Palm Beach,TOURNEAUBUCHERER175WORTHAVENUEPALMBEACHFLORIDA33480,,175 Worth Avenue,,missing_from_current_snapshot
2022-07-01,2022-06-01,closure,Tourneau - Bucherer,Hawaii,Lahaina,TOURNEAUBUCHERER2435KAANAPALIPARKWAYLAHAINAHAWAII96761,,2435 Kaanapali Parkway,,missing_from_current_snapshot
2022-07-01,2022-06-01,closure,Tourneau - Bucherer,Hawaii,Wailea,TOURNEAUBUCHERER3750WAILEAALANUIDRIVEWAILEAHAWAII96753,,3750 Wailea Alanui Drive,,missing_from_current_snapshot
2022-07-01,2022-06-01,closure,Tourneau - Bucherer,Florida,Naples,TOURNEAUBUCHERER5495TAMIAMITRAILNORTHNAPLESFLORIDA34108,,5495 Tamiami Trail North,,missing_from_current_snapshot
2022-07-01,2022-06-01,closure,Tourneau - Bucherer,New York,Garden City,TOURNEAUBUCHERER630OLDCOUNTRYROADGARDENCITYNEWYORK11530,,630 Old Country Road,,missing_from_current_snapshot
2022-07-01,2022-06-01,closure,Tourneau - Bucherer,Florida,Bal Harbour,TOURNEAUBUCHERER9700COLLINSAVENUEBALHARBOURFLORIDA33154,,9700 Collins Avenue,,missing_from_current_snapshot
2022-07-01,2022-06-01,closure,Watches of Switzerland,Minnesota,Bloomington,WATCHESOFSWITZERLAND136WESTMARKETBLOOMINGTONMINNESOTA55425,,136 West Market,,missing_from_current_snapshot
2022-07-01,2022-06-01,closure,Watches of Switzerland,New York,ANew York,WATCHESOFSWITZERLAND20HUDSONYARDSANEWYORKNEWYORK10001,,20 Hudson Yards,,missing_from_current_snapshot
2022-07-01,2022-06-01,closure,Watches of Switzerland,Ohio,Cincinnati,WATCHESOFSWITZERLAND7875MONTGOMERYROADCINCINNATIOHIO45236,,7875 Montgomery Road,,missing_from_current_snapshot
2022-07-01,2022-06-01,move_or_detail_change,Adler's,Louisiana,Metairie,ADLERS2937VETERANSMEMORIALBOULEVARDMETAIRIELOUISIANA70002,ADLERS2937VETERANSMEMORIALBOULEVARDSUITEBMETAIRIELOUISIANA70002,2937 Veteran's Memorial Boulevard,"2937 Veteran's Memorial Boulevard, Suite B",address
2022-07-01,2022-06-01,move_or_detail_change,Alexander's Jewelers,Texas,Texa,ALEXANDERSJEWELERS3701MALLDRIVETEXARKANATEXAS75501,ALEXANDERSJEWELERS3701MALLDRIVETEXATEXAS75501,3701 Mall Drive,3701 Mall Drive,city
2022-07-01,2022-06-01,move_or_detail_change,Azzi Jewelers,Michigan,Lans,AZZIJEWELERS3007EASTSAGINAWSTREETLANSINGMICHIGAN48912,AZZIJEWELERS3007EASTSAGINAWSTREETLANSMICHIGAN48912,3007 East Saginaw Street,3007 East Saginaw Street,city
2022-07-01,2022-06-01,move_or_detail_change,B.C. Clark,Oklahoma,Oklahoma City,BCCLARK5801NOKLAHOMACITYOKLAHOMA73118,BCCLARK5801NWGRANDBOULEVARDOKLAHOMACITYOKLAHOMA73118,5801 N,"5801 N, W Grand Boulevard",address
2022-07-01,2022-06-01,move_or_detail_change,Bhindi Jewelers,California,Glendale,BHINDIJEWELERS2213GALLERIAWAYGLENDALECALIFORNIA91210,BHINDIJEWELERS2213GALLERIAWAYGLENDALEGALLERIASUITEL001GLENDALECALIFORNIA91210,2213 Galleria Way,"2213 Galleria Way, Glendale Galleria, Suite # L-001",address
2022-07-01,2022-06-01,move_or_detail_change,Bigham Jewelers,Florida,Naples,BIGHAMJEWELERS2425TAMIAMITRAILNORTHNAPLESFLORIDA34103,BIGHAMJEWELERS2425TAMIAMITRAILNORTHSUITE101NAPLESFLORIDA34103,2425 Tamiami Trail North,"2425 Tamiami Trail North, Suite 101",address
2022-07-01,2022-06-01,move_or_detail_change,C.D. Peacock,Illinois,Skokie,CDPEACOCK4999OLDORCHARDROADSKOKIEILLINOIS60077,CDPEACOCK4999OLDORCHARDROADOLDORCHARDCENTERSUITEN3SKOKIEILLINOIS60077,4999 Old Orchard Road,"4999 Old Orchard Road, Old Orchard Center, Suite N3",address
2022-07-01,2022-06-01,move_or_detail_change,Coffin & Trout Jewelers,Arizona,Chandler,COFFINTROUTJEWELERS7131WESTRAYROADCHANDLERARIZONA85226,COFFINTROUTJEWELERS7131WESTRAYROADCASAPALOMAPLAZASUITE18CHANDLERARIZONA85226,7131 West Ray Road,"7131 West Ray Road, Casa Paloma Plaza, Suite 18",address
2022-07-01,2022-06-01,move_or_detail_change,Deutsch of Laredo,Texas,Laredo,DEUTSCHOFLAREDO5300SANDARIOAVENUELAREDOTEXAS78041,DEUTSCHOFLAREDO5300SANDARIOAVENUEMALLDELNORTECENTERCOURTSUITE122LAREDOTEXAS78041,5300 San Dario Avenue,"5300 San Dario Avenue, Mall Del Norte - Center Court, Suite 122",address
2022-07-01,2022-06-01,move_or_detail_change,Deutsch of McAllen,Texas,Mc Allen,DEUTSCHOFMCALLEN2109SOUTH10THSTREETMCALLENTEXAS78503,DEUTSCHOFMCALLEN2109SOUTH10THSTREETSUITE20MCALLENTEXAS78503,2109 South 10th Street,"2109 South 10th Street, Suite 20",address
2022-07-01,2022-06-01,move_or_detail_change,Eiseman Jewels,Texas,Dallas,EISEMANJEWELS8687NORTHCENTRALEXPRESSWAYDALLASTEXAS75225,EISEMANJEWELS8687NORTHCENTRALEXPRESSWAYNORTHPARKCENTERSUITE514DALLASTEXAS75225,8687 North Central Expressway,"8687 North Central Expressway, North, Park Center, Suite #514",address
2022-07-01,2022-06-01,move_or_detail_change,Exclusively Diamonds,Minnesota,Man,EXCLUSIVELYDIAMONDS1601ADAMSSTREETMANKATOMINNESOTA56001,EXCLUSIVELYDIAMONDS1601ADAMSSTREETMANMINNESOTA56001,1601 Adams Street,1601 Adams Street,city
2022-07-01,2022-06-01,move_or_detail_change,Frank Adams Jewelers,New York,Albany,FRANKADAMSJEWELERS1475WESTERNAVENUEALBANYNEWYORK12203,FRANKADAMSJEWELERS1475WESTERNAVENUESTUYVESANTPLAZAALBANYNEWYORK12203,1475 Western Avenue,"1475 Western Avenue, Stuyvesant Plaza",address
2022-07-01,2022-06-01,move_or_detail_change,Gearys Beverly Hills,California,Beverly Hills,GEARYSBEVERLYHILLS351NORTHBEVERLYDRIVEBEVERLYHILLSCALIFORNIA90210,GEARYSBEVERLYHILLS351NORTHBEVERLYDRIVEDEPTABEVERLYHILLSCALIFORNIA90210,351 North Beverly Drive,"351 North Beverly Drive, Dept. A",address
2022-07-01,2022-06-01,move_or_detail_change,Gerald Peters,New York,Staten Island,GERALDPETERS2655RICHMONDAVENUESTATENISLANDNEWYORK10314,GERALDPETERS2655RICHMONDAVENUESUITE2095STATENISLANDMALLSUITE2095STATENISLANDNEWYORK10314,2655 Richmond Avenue,"2655 Richmond Avenue, Suite 2095, Staten Island Mall, Suite 2095",address
2022-07-01,2022-06-01,move_or_detail_change,Goldsmith Gallery Jewelers,Montana,903 Shiloh Crossing Blvd.Billings,GOLDSMITHGALLERYJEWELERS903SHILOHCROSSINGBLVDBILLINGSMONTANA59102903SHILOHCROSSINGBLVDBILLINGSMONTANA59102,GOLDSMITHGALLERYJEWELERS903SHILOHCROSSINGBLVDBILLINGSMONTANA59102,903 Shiloh Crossing Blvd.Billings Montana 59102,,address
2022-07-01,2022-06-01,move_or_detail_change,Hamilton Jewelers,Florida,Palm Beach Gardens,HAMILTONJEWELERS3101PPALMBEACHGARDENSFLORIDA33410,HAMILTONJEWELERS3101PGABOULEVARDPALMBEACHGARDENSFLORIDA33410,3101 P,"3101 P, GA Boulevard",address
2022-07-01,2022-06-01,move_or_detail_change,Hamra Jewelers,Arizona,Scottsdale,HAMRAJEWELERS15435NORTHSCOTTSDALEROADSCOTTSDALEARIZONA85254,HAMRAJEWELERS15435NORTHSCOTTSDALEROADSUITE130SCOTTSDALEARIZONA85254,15435 North Scottsdale Road,"15435 North Scottsdale Road, Suite 130",address
2022-07-01,2022-06-01,move_or_detail_change,Heller Jewelers,California,San Ramon,HELLERJEWELERS6000BOLLINGERCANYONROADSANRAMONCALIFORNIA94583,HELLERJEWELERS6000BOLLINGERCANYONROADCITYCENTERBISHOPRANCHSUITE1506SANRAMONCALIFORNIA94583,6000 Bollinger Canyon Road,"6000 Bollinger Canyon Road, City Center Bishop Ranch, Suite 1506",address
2022-07-01,2022-06-01,move_or_detail_change,James & Sons,Illinois,Orland Park,JAMESSONS15234SOUTHLAORLANDPARKILLINOIS60462,JAMESSONS15234SOUTHLAGRANGEROADORLANDPARKILLINOIS60462,15234 South La,"15234 South La, Grange Road",address
2022-07-01,2022-06-01,move_or_detail_change,Kelley Jewelers,Oklahoma,Weatherford,KELLEYJEWELERS107WESTMAINSTREETWEATHERFORDOKLAHOMA73096,KELLEYJEWELERS107WESTMAINSTREETPOBOX689WEATHERFORDOKLAHOMA73096,107 West Main Street,"107 West Main Street, P.O. Box 689",address
2022-07-01,2022-06-01,move_or_detail_change,Kirk Jewelers,Florida,Miami,KIRKJEWELERS701SOUTHMIAMIAVEMIAMIFLORIDA33131,KIRKJEWELERS701SOUTHMIAMIAVEBRICKELLCITYCENTRESUITE327AMIAMIFLORIDA33131,701 South Miami Ave,"701 South Miami Ave, Brickell City Centre, Suite 327-A",address
2022-07-01,2022-06-01,move_or_detail_change,Korman Fine Jewelry,Texas,Austin,KORMANFINEJEWELRY5011BURNETROADAUSTINTEXAS78756,KORMANFINEJEWELRY5011BURNETROADSUITE100AUSTINTEXAS78756,5011 Burnet Road,"5011 Burnet Road, Suite 100",address
2022-07-01,2022-06-01,move_or_detail_change,Lee Perla Jewelers,New Jersey,Hackensack,LEEPERLAJEWELERS193HACKENSACKNEWJERSEY07601,LEEPERLAJEWELERS193BRIVERSIDESQUARETHESHOPSATRIVERSIDEHACKENSACKNEWJERSEY07601,193,"193, B Riverside Square, The Shops at Riverside",address
2022-07-01,2022-06-01,move_or_detail_change,Leonardo Jewelers,New Jersey,Metuchen,LEONARDOJEWELERS665MIDDLESEXAVENUEMETUCHENNEWJERSEY08840,LEONARDOJEWELERS665MIDDLESEXAVENUE125METUCHENNEWJERSEY08840,665 Middlesex Avenue,"665 Middlesex Avenue, #125",address
2022-07-01,2022-06-01,move_or_detail_change,London Jewelers,New York,Manhasset,LONDONJEWELERS2046NORTHERNBOULEVARDMANHASSETNEWYORK11030,LONDONJEWELERS2046NORTHERNBOULEVARDAMERICANAMANHASSETMANHASSETNEWYORK11030,2046 Northern Boulevard,"2046 Northern Boulevard, Americana Manhasset",address
2022-07-01,2022-06-01,move_or_detail_change,Lorilil Jewelers,Massachusetts,Springfield,LORILILJEWELERS1500MAINSTREETSPRINGFIELDMASSACHUSETTS01115,LORILILJEWELERS1500MAINSTREETTOWERSQUARESPRINGFIELDMASSACHUSETTS01115,1500 Main Street,"1500 Main Street, Tower Square",address
2022-07-01,2022-06-01,move_or_detail_change,Louis Anthony Jewelers,Pennsylvania,Pittsburgh,LOUISANTHONYJEWELERS1775NORTHHIGHLANDROADPITTSBURGHPENNSYLVANIA15241,LOUISANTHONYJEWELERS1775NORTHHIGHLANDROADNORMANCENTREIIPITTSBURGHPENNSYLVANIA15241,1775 North Highland Road,"1775 North Highland Road, Norman Centre I, I",address
2022-07-01,2022-06-01,move_or_detail_change,Lucido Fine Jewelry of Rochester,Michigan,Roches,LUCIDOFINEJEWELRYOFROCHESTER312SOUTHMAINSTREETROCHESTERMICHIGAN48307,LUCIDOFINEJEWELRYOFROCHESTER312SOUTHMAINSTREETROCHESMICHIGAN48307,312 South Main Street,312 South Main Street,city
2022-07-01,2022-06-01,move_or_detail_change,Maxon Fine Jewelry,Missouri,Springfield,MAXONFINEJEWELRY2850EASTBATTLEFIELDSPRINGFIELDMISSOURI65804,MAXONFINEJEWELRY2850EASTBATTLEFIELDSUITE100SPRINGFIELDMISSOURI65804,2850 East Battlefield,"2850 East Battlefield, Suite 100",address
2022-07-01,2022-06-01,move_or_detail_change,Medawar Fine Jewelry,Michigan,Fl,MEDAWARFINEJEWELRY3093SOUTHLINDENROADFLINTMICHIGAN48507,MEDAWARFINEJEWELRY3093SOUTHLINDENROADFLMICHIGAN48507,3093 South Linden Road,3093 South Linden Road,city
2022-07-01,2022-06-01,move_or_detail_change,Mountz Jewelers,Pennsylvania,Camp Hill,MOUNTZJEWELERS3780TRINDLEROADCAMPHILLPENNSYLVANIA17011,MOUNTZJEWELERS3780TRINDLEROADCHELSEASQUARECAMPHILLPENNSYLVANIA17011,3780 Trindle Road,"3780 Trindle Road, Chelsea Square",address
2022-07-01,2022-06-01,move_or_detail_change,Murphy Jewelers Lehigh Valley (R),Pennsylvania,Whitehall,MURPHYJEWELERSLEHIGHVALLEYR948LEHIGHVALLEYLIFESTYLECENTERWHITEHALLPENNSYLVANIA18052,MURPHYJEWELERSLEHIGHVALLEYR948LEHIGHVALLEYLIFESTYLECENTERLEHIGHVALLEYMALLWHITEHALLPENNSYLVANIA18052,948 Lehigh Valley Lifestyle Center,"948 Lehigh Valley Lifestyle Center, Lehigh Valley Mall",address
2022-07-01,2022-06-01,move_or_detail_change,Paul Medawar Fine Jewelry,Michigan,EGrand Rap,PAULMEDAWARFINEJEWELRY4518PLAINFIELDNEGRANDRAPIDSMICHIGAN49525,PAULMEDAWARFINEJEWELRY4518PLAINFIELDNEGRANDRAPMICHIGAN49525,4518 Plainfield N,4518 Plainfield N,city
2022-07-01,2022-06-01,move_or_detail_change,Precision Watches & Jewelry,Pennsylvania,Willow Grove,PRECISIONWATCHESJEWELRY2500MORELANDROADWILLOWGROVEPENNSYLVANIA19090,PRECISIONWATCHESJEWELRY2500MORELANDROADWILLOWGROVEPARKMALLSUITE1101WILLOWGROVEPENNSYLVANIA19090,2500 Moreland Road,"2500 Moreland Road, Willow Grove Park Mall, Suite 1101",address
2022-07-01,2022-06-01,move_or_detail_change,Providence Diamond Company,Rhode Island,Cranston,PROVIDENCEDIAMONDCOMPANY65HILLSIDEROADCRANSTONRHODEISLAND02920,PROVIDENCEDIAMONDCOMPANY105HILLSIDEROADGARDENCITYCENTERCRANSTONRHODEISLAND02920,65 Hillside Road,"105 Hillside Road, Garden City Center",address
2022-07-01,2022-06-01,move_or_detail_change,Radcliffe Jewelers,Maryland,Towson,RADCLIFFEJEWELERS800KENILWORTHDRIVETOWSONMARYLAND21204,RADCLIFFEJEWELERS800KENILWORTHDRIVETHESHOPSATKENILWORTHSUITE872TOWSONMARYLAND21204,800 Kenilworth Drive,"800 Kenilworth Drive, The Shops at Kenilworth, Suite 872",address
2022-07-01,2022-06-01,move_or_detail_change,Rolex Boutique Bachendorf's,Texas,Dallas,ROLEXBOUTIQUEBACHENDORFS85DALLASTEXAS75205,ROLEXBOUTIQUEBACHENDORFS85AHIGHLANDPARKVILLAGEDALLASTEXAS75205,85,"85, A Highland Park Village",address
2022-07-01,2022-06-01,move_or_detail_change,Rolex Boutique Deutsch & Deutsch,Texas,Houston,ROLEXBOUTIQUEDEUTSCHDEUTSCH5015WESTHEIMERROADHOUSTONTEXAS77056,ROLEXBOUTIQUEDEUTSCHDEUTSCH5015WESTHEIMERROADTHEGALLERIASUITEA2371HOUSTONTEXAS77056,5015 Westheimer Road,"5015 Westheimer Road, The Galleria, Suite A2371",address
2022-07-01,2022-06-01,move_or_detail_change,Rolex Boutique Fourtané,California,ASan Diego,ROLEXBOUTIQUEFOURTANE7007FRIARSROADASANDIEGOCALIFORNIA92108,ROLEXBOUTIQUEFOURTANE7007FRIARSROADFASHIONVALLEYMALLSUITE390ASANDIEGOCALIFORNIA92108,7007 Friars Road,"7007 Friars Road, Fashion Valley Mall, Suite 390",address
2022-07-01,2022-06-01,move_or_detail_change,Rolex Boutique J. Licht & Sons,California,Santa Clara,ROLEXBOUTIQUEJLICHTSONS2855STEVENSCREEKBOULEVARDSANTACLARACALIFORNIA95050,ROLEXBOUTIQUEJLICHTSONS2855STEVENSCREEKBOULEVARDVALLEYFAIRSUITE1039SANTACLARACALIFORNIA95050,2855 Stevens Creek Boulevard,"2855 Stevens Creek Boulevard, Valley Fair, Suite 1039",address
2022-07-01,2022-06-01,move_or_detail_change,Rolex Boutique LV Luxury,Nevada,Las Vegas,ROLEXBOUTIQUELVLUXURY3720LASVEGASBOULEVARDSOUTHLASVEGASNEVADA89158,ROLEXBOUTIQUELVLUXURY3720LASVEGASBOULEVARDSOUTHTHESHOPSATCRYSTALSSUITE122LASVEGASNEVADA89158,3720 Las Vegas Boulevard South,"3720 Las Vegas Boulevard South, The Shops at Crystals, Suite 122",address
2022-07-01,2022-06-01,move_or_detail_change,Rolex Boutique London,New Jersey,Short Hills,ROLEXBOUTIQUELONDON1200MORRISTURNPIKESHORTHILLSNEWJERSEY07078,ROLEXBOUTIQUELONDON1200MORRISTURNPIKETHEMALLATSHORTHILLSSUITE205SHORTHILLSNEWJERSEY07078,1200 Morris Turnpike,"1200 Morris Turnpike, The Mall at Short Hills, Suite #205",address
2022-07-01,2022-06-01,move_or_detail_change,Rolex Boutique Mayors,Florida,Orlando,ROLEXBOUTIQUEMAYORS4200CONROYROADORLANDOFLORIDA32839,ROLEXBOUTIQUEMAYORS4200CONROYROADTHEMALLATMILLENIASUITEJ272ORLANDOFLORIDA32839,4200 Conroy Road,"4200 Conroy Road, The Mall at Millenia, Suite J-272",address
2022-07-01,2022-06-01,move_or_detail_change,Rolex Boutique Tourneau Forum Shops,Nevada,BLas Vegas,ROLEXBOUTIQUETOURNEAUFORUMSHOPS3500LASVEGASBOULEVARDSOUTHBLASVEGASNEVADA89109,ROLEXBOUTIQUETOURNEAUFORUMSHOPS3500LASVEGASBOULEVARDSOUTHFORUMSHOPSSUITEB07BLASVEGASNEVADA89109,3500 Las Vegas Boulevard South,"3500 Las Vegas Boulevard South, Forum Shops, Suite B07",address
2022-07-01,2022-06-01,move_or_detail_change,Rolex Boutique Watches of Switzerland,Nevada,Las Vegas,ROLEXBOUTIQUEWATCHESOFSWITZERLAND3131LASVEGASBOULEVARDSOUTHLASVEGASNEVADA89109,ROLEXBOUTIQUEWATCHESOFSWITZERLAND3131LASVEGASBOULEVARDSOUTHWYNNLASVEGASLASVEGASNEVADA89109,3131 Las Vegas Boulevard South,"3131 Las Vegas Boulevard South, Wynn Las Vegas",address
2022-07-01,2022-06-01,move_or_detail_change,Rottermond Jewelers,Michigan,Brigh,ROTTERMONDJEWELERS102EASTMAINSTREETBRIGHTONMICHIGAN48116,ROTTERMONDJEWELERS102EASTMAINSTREETBRIGHMICHIGAN48116,102 East Main Street,102 East Main Street,city
2022-07-01,2022-06-01,move_or_detail_change,Shreve & Co.,California,Palo Alto,SHREVECO329ELCAMINOREALQUARRYROADPALOALTOCALIFORNIA94304,SHREVECO329ELCAMINOREALQUARRYROADSTANFORDSHOPPINGCENTERPALOALTOCALIFORNIA94304,329 El Camino Real & Quarry Road,"329 El Camino Real & Quarry Road, Stanford Shopping Center",address
2022-07-01,2022-06-01,move_or_detail_change,Springer's Jewelers,New Hampshire,Portsmouth,SPRINGERSJEWELERS100MARKETSTREETPORTSMOUTHNEWHAMPSHIRE03801,SPRINGERSJEWELERS100MARKETSTREETSUITE101PORTSMOUTHNEWHAMPSHIRE03801,100 Market Street,"100 Market Street, Suite 101",address
2022-07-01,2022-06-01,move_or_detail_change,Tara Fine Jewelry,Georgia,Buford,TARAFINEJEWELRY1829BUFORDHIGHWAYBUFORDGEORGIA30518,TARAFINEJEWELRY1829BUFORDHIGHWAYSUITE2BUFORDGEORGIA30518,1829 Buford Highway,"1829 Buford Highway, Suite 2",address
2022-07-01,2022-06-01,move_or_detail_change,Tesorini,Nevada,Las Vegas,TESORINI3600LASVEGASBOULEVARDSOUTHLASVEGASNEVADA89109,TESORINI3600LASVEGASBOULEVARDSOUTHBELLAGIOHOTELCASINOLASVEGASNEVADA89109,3600 Las Vegas Boulevard South,"3600 Las Vegas Boulevard South, Bellagio Hotel & Casino",address
2022-07-01,2022-06-01,move_or_detail_change,Tivol,Kansas,Overland Park,TIVOL4721WEST119THSTREETOVERLANDPARKKANSAS66209,TIVOL4721WEST119THSTREETHAWTHORNEPLAZAOVERLANDPARKKANSAS66209,4721 West 119th Street,"4721 West 119th Street, Hawthorne Plaza",address
2022-07-01,2022-06-01,move_or_detail_change,Tourneau - Bucherer Time Dome,Nevada,ALas Vegas,TOURNEAUBUCHERERTIMEDOME3500LASVEGASBLVDSOUTHALASVEGASNEVADA89109,TOURNEAUBUCHERERTIMEDOME3500LASVEGASBLVDSOUTHTHEFORUMSHOPSSUITEE18ALASVEGASNEVADA89109,3500 Las Vegas Blvd South,"3500 Las Vegas Blvd South, The Forum Shops, Suite #E18",address
2022-07-01,2022-06-01,move_or_detail_change,Underwood Jewelers,Florida,Ponte Vedra Beach,UNDERWOODJEWELERS330A1PONTEVEDRABEACHFLORIDA32082,UNDERWOODJEWELERS330A1ANORTHSUITE204PONTEVEDRABEACHFLORIDA32082,330 A1,"330 A1, A North, Suite 204",address
2022-07-01,2022-06-01,move_or_detail_change,Walters & Hogsett Jewelers,Colorado,Boulder,WALTERSHOGSETTJEWELERS2425CANYONBOULEVARDBOULDERCOLORADO80302,WALTERSHOGSETTJEWELERS2425CANYONBOULEVARDSUITEJBOULDERCOLORADO80302,2425 Canyon Boulevard,"2425 Canyon Boulevard, Suite J",address
2022-07-01,2022-06-01,move_or_detail_change,Windsor Jewelers,North Carolina,Charlotte,WINDSORJEWELERS6809CHARLOTTENORTHCAROLINA28210,WINDSORJEWELERS6809DPHILLIPSPLACECOURTCHARLOTTENORTHCAROLINA28210,6809,"6809, D Phillips Place Court",address
2022-07-01,2022-06-01,move_or_detail_change,Wixon Jewelers,Minnesota,Bloomin,WIXONJEWELERS9955LYNDALEAVENUESOUTHBLOOMINGTONMINNESOTA55420,WIXONJEWELERS9955LYNDALEAVENUESOUTHBLOOMINMINNESOTA55420,9955 Lyndale Avenue South,9955 Lyndale Avenue South,city
2022-07-01,2022-06-01,opening,Bachendorf's,Texas,Dallas,,BACHENDORFS13350DALLASPARKWAYGALLERIADALLAS1415DALLASTEXAS75240,,"13350 Dallas Parkway, Galleria Dallas, #1415",new_canonical_id
2022-07-01,2022-06-01,opening,Bachendorf's,Texas,Fort Worth,,BACHENDORFS5175MONAHANSAVENUETHESHOPSATCLEARFORKFORTWORTHTEXAS76109,,"5175 Monahans Avenue, The Shops at Clearfork",new_canonical_id
2022-07-01,2022-06-01,opening,Ben Bridge Jeweler,Texas,Austin,,BENBRIDGEJEWELER11601CENTURYOAKSTERRACETHEDOMAINATAUSTINSUITE133AUSTINTEXAS78758,,"11601 Century Oaks Terrace, The Domain at Austin, Suite #133",new_canonical_id
2022-07-01,2022-06-01,opening,Ben Bridge Jeweler,California,Riverside,,BENBRIDGEJEWELER1236TYLERSTREETGALLERIAATTYLERSPACEG6RIVERSIDECALIFORNIA92503,,"1236 Tyler Street, Galleria at Tyler, Space G6",new_canonical_id
2022-07-01,2022-06-01,opening,Ben Bridge Jeweler,Hawaii,Honolulu,,BENBRIDGEJEWELER1450ALAMOANABOULEVARDALAMOANASHOPPINGCENTERSUITE2700HONOLULUHAWAII96814,,"1450 Ala Moana Boulevard, Ala Moana Shopping Center, Suite 2700",new_canonical_id
2022-07-01,2022-06-01,opening,Ben Bridge Jeweler,California,BTorrance,,BENBRIDGEJEWELER21540HAWTHORNEBOULEVARDDELAMOFASHIONCENTER417BTORRANCECALIFORNIA90503,,"21540 Hawthorne Boulevard, Del Amo Fashion Center, #417",new_canonical_id
2022-07-01,2022-06-01,opening,Ben Bridge Jeweler,Arizona,Tucson,,BENBRIDGEJEWELER2905EASTSKYLINEDRIVELAENCANTADASHOPPINGCENTERSPACE149TUCSONARIZONA85718,,"2905 East Skyline Drive, La Encantada Shopping Center, Space #149",new_canonical_id
2022-07-01,2022-06-01,opening,Ben Bridge Jeweler,Washington,Lynnwood,,BENBRIDGEJEWELER3000184THSTREETSWALDERWOODMALLSUITE320LYNNWOODWASHINGTON98037,,"3000 184th Street S, WAlderwood Mall, Suite 320",new_canonical_id
2022-07-01,2022-06-01,opening,Ben Bridge Jeweler,Alaska,Anchorage,,BENBRIDGEJEWELER3104SEWARDHIGHWAYSUITESUITE3ANCHORAGEALASKA99503,,"3104 Seward Highway, Suite Suite 3",new_canonical_id
2022-07-01,2022-06-01,opening,Ben Bridge Jeweler,California,San Diego,,BENBRIDGEJEWELER4505LAJOLLAVILLAGEDRIVEWESTFIELDUTCSUITEC19SANDIEGOCALIFORNIA92122,,"4505 La Jolla Village Drive, Westfield U, TC, Suite #C-19",new_canonical_id
2022-07-01,2022-06-01,opening,Ben Bridge Jeweler,California,Thousand Oaks,,BENBRIDGEJEWELER450WESTHILLCRESTDRIVETHEOAKSSHOPPINGCENTERTHOUSANDOAKSCALIFORNIA91360,,"450 West Hillcrest Drive, The Oaks Shopping Center",new_canonical_id
2022-07-01,2022-06-01,opening,Ben Bridge Jeweler,California,ACanoga Park,,BENBRIDGEJEWELER6600TOPANGACANYONBOULEVARDWESTFIELDTOPANGASUITE98ACANOGAPARKCALIFORNIA91303,,"6600 Topanga Canyon Boulevard, Westfield Topanga, Suite 98",new_canonical_id
2022-07-01,2022-06-01,opening,Ben Bridge Jeweler,Oregon,Portland,,BENBRIDGEJEWELER801SW5THAVENUE5THAVEYAMHILLPORTLANDOREGON97204,,"801 S, W 5th Avenue5th Ave & Yamhill",new_canonical_id
2022-07-01,2022-06-01,opening,Ben Bridge Jeweler,Washington,Tukwila,,BENBRIDGEJEWELER81WESTFIELDSOUTHCENTERSOUTHCENTERMALLTUKWILAWASHINGTON98188,,"81 Westfield Southcenter, Southcenter Mall",new_canonical_id
2022-07-01,2022-06-01,opening,Ben Bridge Jeweler,Colorado,Lone Tree,,BENBRIDGEJEWELER8505PARKMEADOWSCENTERDRIVEPARKMEADOWSCENTERSUITE2076LONETREECOLORADO80124,,"8505 Park Meadows Center Drive, Park Meadows Center, Suite 2076",new_canonical_id
2022-07-01,2022-06-01,opening,Ben Bridge Jeweler,Oregon,Portland,,BENBRIDGEJEWELER9518SWWASHINGTONSQUAREROADWASHINGTONSQUAREPORTLANDOREGON97223,,"9518 S, W Washington Square Road, Washington Square",new_canonical_id
2022-07-01,2022-06-01,opening,Bucherer 1888,New York,New York,,BUCHERER188810956THAVENUEAVENUEOFTHEAMERICASATBRYANTPARKNEWYORKNEWYORK10036,,"1095 6th Avenue, Avenue of the Americas at Bryant Park",new_canonical_id
2022-07-01,2022-06-01,opening,Bucherer 1888,Pennsylvania,King of Prussia,,BUCHERER1888160NORTHGULPHROADPLAZAATKINGOFPRUSSIAKINGOFPRUSSIAPENNSYLVANIA19406,,"160 North Gulph Road, Plaza at King of Prussia",new_canonical_id
2022-07-01,2022-06-01,opening,De Vons Jewelers,California,Roseville,,DEVONSJEWELERS1151GALLERIABLVDWESTFIELDGALLERIAATROSEVILLESUITE1080ROSEVILLECALIFORNIA95678,,"1151 Galleria Blvd, Westfield Galleria at Roseville, Suite #1080",new_canonical_id
2022-07-01,2022-06-01,opening,De Vons Jewelers,California,Stockton,,DEVONSJEWELERS220LINCOLNCENTERLINCOLNCENTERSTOCKTONCALIFORNIA95207,,"220 Lincoln Center, Lincoln Center",new_canonical_id
2022-07-01,2022-06-01,opening,Deutsch & Deutsch,Texas,Victoria,,DEUTSCHDEUTSCH6007NEZACLENTZPARKWAYVICTORIATEXAS77904,,"6007 N, E Zac Lentz Parkway",new_canonical_id
2022-07-01,2022-06-01,opening,Deutsch & Deutsch,Texas,El Paso,,DEUTSCHDEUTSCH8889GATEWAYBOULEVARDWESTSUITE1840ELPASOTEXAS79925,,"8889 Gateway Boulevard West, Suite 1840",new_canonical_id
2022-07-01,2022-06-01,opening,Fink's Jewelers,Virginia,Charlottesville,,FINKSJEWELERS1025EMMETSTREETNORTHBARRACKSROADSHOPPINGCENTERCHARLOTTESVILLEVIRGINIA22903,,"1025 Emmet Street North, Barracks Road Shopping Center",new_canonical_id
2022-07-01,2022-06-01,opening,Fink's Jewelers,Virginia,Richmond,,FINKSJEWELERS11800WESTBROADSTREETSHORTPUMPTOWNCENTERSUITE1240RICHMONDVIRGINIA23233,,"11800 West Broad Street, Short Pump Town Center, Suite #1240",new_canonical_id
2022-07-01,2022-06-01,opening,Fink's Jewelers,Virginia,Virginia Beach,,FINKSJEWELERS1612LASKINROADSUITE776VIRGINIABEACHVIRGINIA23451,,"1612 Laskin Road, Suite 776",new_canonical_id
2022-07-01,2022-06-01,opening,Fink's Jewelers,North Carolina,Huntersville,,FINKSJEWELERS16745BIRKDALECOMMONSPARKWAYUNIT2HUNTERSVILLENORTHCAROLINA28078,,"16745 Birkdale Commons Parkway, Unit 2",new_canonical_id
2022-07-01,2022-06-01,opening,Fink's Jewelers,North Carolina,Raleigh,,FINKSJEWELERS4321LASSITERATNORTHHILLSSUITE120RALEIGHNORTHCAROLINA27609,,"4321 Lassiter at North Hills, Suite 120",new_canonical_id
2022-07-01,2022-06-01,opening,Fink's Jewelers,North Carolina,Charlotte,,FINKSJEWELERS4400SHARONROADSOUTHPARKMALLSUITE199CHARLOTTENORTHCAROLINA28211,,"4400 Sharon Road, South, Park Mall, Suite 199",new_canonical_id
2022-07-01,2022-06-01,opening,Fink's Jewelers,North Carolina,Durham,,FINKSJEWELERS6910FAYETTEVILLEROADTHESTREETSATSOUTHPOINTSUITE160DURHAMNORTHCAROLINA27713,,"6910 Fayetteville Road, The Streets at Southpoint, Suite #160",new_canonical_id
2022-07-01,2022-06-01,opening,Gunderson's Jewelers,Nebraska,Omaha,,GUNDERSONSJEWELERS17255DAVENPORTSTREETVILLAGEPOINTESUITE111OMAHANEBRASKA68118,,"17255 Davenport Street, Village Pointe, Suite 111",new_canonical_id
2022-07-01,2022-06-01,opening,Gunderson's Jewelers,Iowa,Sioux City,,GUNDERSONSJEWELERS4830SERGEANTRDLAKEPORTCOMMONSSIOUXCITYIOWA51106,,"4830 Sergeant Rd, Lakeport Commons",new_canonical_id
2022-07-01,2022-06-01,opening,Hyde Park Jewelers,Colorado,Denver,,HYDEPARKJEWELERS3000EAST1STAVENUECHERRYCREEKSHOPPINGCENTERSUITE243DENVERCOLORADO80206,,"3000 East 1st Avenue, Cherry Creek Shopping Center, Suite 243",new_canonical_id
2022-07-01,2022-06-01,opening,Hyde Park Jewelers,Arizona,Scottsdale,,HYDEPARKJEWELERS7014EASTCAMELBACKROADSCOTTSDALEFASHIONSQUARESUITE1092SCOTTSDALEARIZONA85251,,"7014 East Camelback Road, Scottsdale Fashion Square, Suite #1092",new_canonical_id
2022-07-01,2022-06-01,opening,Hyde Park Jewelers,California,Newport Beach,,HYDEPARKJEWELERS817NEWPORTCENTERDRIVEFASHIONISLANDNEWPORTBEACHCALIFORNIA92660,,"817 Newport Center Drive, Fashion Island",new_canonical_id
2022-07-01,2022-06-01,opening,Lee Michaels Fine Jewelry,Texas,San Antonio,,LEEMICHAELSFINEJEWELRY15900LACANTERAPKWYTHESHOPSATLACANTERASUITE3370SANANTONIOTEXAS78256,,"15900 La Cantera Pkwy, The Shops at La Cantera, Suite #3370",new_canonical_id
2022-07-01,2022-06-01,opening,Lee Michaels Fine Jewelry,New Mexico,FAlbuquerque,,LEEMICHAELSFINEJEWELRY2201QSTREETNEABQUPTOWNSUITE9FALBUQUERQUENEWMEXICO87110,,"2201 Q Street N, EA, BQ Uptown, Suite 9",new_canonical_id
2022-07-01,2022-06-01,opening,Lee Michaels Fine Jewelry,Louisiana,BMetairie,,LEEMICHAELSFINEJEWELRY3301VETERANSBOULEVARDLAKESIDESHOPPINGCENTERSUITE110BMETAIRIELOUISIANA70002,,"3301 Veterans Boulevard, Lakeside Shopping Center, Suite 110",new_canonical_id
2022-07-01,2022-06-01,opening,Lee Michaels Fine Jewelry,Texas,San Antonio,,LEEMICHAELSFINEJEWELRY7400SANPEDROAVENUENORTHSTARMALLSUITE422SANANTONIOTEXAS78216,,"7400 San Pedro Avenue, North Star Mall, Suite 422",new_canonical_id
2022-07-01,2022-06-01,opening,Liljenquist & Beckstead,Virginia,MMc Lean,,LILJENQUISTBECKSTEAD2001INTERNATIONALDRIVEGALLERIAATTYSONSIISUITE1798MMCLEANVIRGINIA22102,,"2001 International Drive, Galleria at Tysons I, I, Suite 1798",new_canonical_id
2022-07-01,2022-06-01,opening,Liljenquist & Beckstead,Maryland,Bethesda,,LILJENQUISTBECKSTEAD7101DEMOCRACYBOULEVARD2412MONTGOMERYMALLBETHESDAMARYLAND20817,,"7101 Democracy Boulevard, 2412 Montgomery Mall",new_canonical_id
2022-07-01,2022-06-01,opening,Liljenquist & Beckstead,Virginia,Vienna,,LILJENQUISTBECKSTEAD8075LEESBURGPIKESHOPSATFAIRFAXSQSALON140VIENNAVIRGINIA22182,,"8075 Leesburg Pike, Shops at Fairfax Sq Salon 140",new_canonical_id
2022-07-01,2022-06-01,opening,Long's Jewelers,Massachusetts,Braintree,,LONGSJEWELERS250GRANITESTREETSOUTHSHOREPLAZABRAINTREEMASSACHUSETTS02184,,"250 Granite Street, South Shore Plaza",new_canonical_id
2022-07-01,2022-06-01,opening,Long's Jewelers,Massachusetts,Burlington,,LONGSJEWELERS60ASOUTHAVENUEBURLINGTONMASSACHUSETTS01803,,"60, A South Avenue",new_canonical_id
2022-07-01,2022-06-01,opening,Lucido Fine Jewelry,Michigan,Birming,,LUCIDOFINEJEWELRY250NORTHOLDWOODWARDAVENUEBIRMINGMICHIGAN48009,,250 North Old Woodward Avenue,new_canonical_id
2022-07-01,2022-06-01,opening,Lucido Fine Jewelry,Michigan,Sterling Heig,,LUCIDOFINEJEWELRY42825SCHOENHERRROADSTERLINGHEIGMICHIGAN48313,,42825 Schoenherr Road,new_canonical_id
2022-07-01,2022-06-01,opening,Lux Bond & Green,Connecticut,Glastonbury,,LUXBONDGREEN140GLASTONBURYBOULEVARDSOMMERSETSQUAREGLASTONBURYCONNECTICUT06033,,"140 Glastonbury Boulevard, Sommerset Square",new_canonical_id
2022-07-01,2022-06-01,opening,Lux Bond & Green,Connecticut,West Hartford,,LUXBONDGREEN46LASALLEROADWESTHARTFORDCONNECTICUT06107,,"46 La, Salle Road",new_canonical_id
2022-07-01,2022-06-01,opening,Mayors Jewelers,Florida,Sarasota,,MAYORSJEWELERS140UNIVERSITYTOWNCENTERDRIVETHEMALLATUNIVERSITYTOWNCENTERSARASOTAFLORIDA34243,,"140 University Town Center Drive, The Mall at University Town Center",new_canonical_id
2022-07-01,2022-06-01,opening,Mayors Jewelers,Florida,Miami,,MAYORSJEWELERS1455NW107THAVENUEMIAMIINTERNATIONALMALL264MIAMIFLORIDA33172,,"1455 N, W 107th Avenue, Miami International Mall, #264",new_canonical_id
2022-07-01,2022-06-01,opening,Mayors Jewelers,Florida,Aventura,,MAYORSJEWELERS19575BISCAYNEBLVDAVENTURAMALLSUITE177AVENTURAFLORIDA33180,,"19575 Biscayne Blvd, Aventura Mall, Suite 177",new_canonical_id
2022-07-01,2022-06-01,opening,Mayors Jewelers,Florida,Tampa,,MAYORSJEWELERS2223NORTHWESTSHOREBLVDINTERNATIONALPLAZASUITE165TAMPAFLORIDA33607,,"2223 North Westshore Blvd, International Plaza, Suite #165",new_canonical_id
2022-07-01,2022-06-01,opening,Mayors Jewelers,Florida,Ft. Lauderdale,,MAYORSJEWELERS2472EASTSUNRISEBOULEVARDTHEGALLERIASUITE2160FTLAUDERDALEFLORIDA33304,,"2472 East Sunrise Boulevard, The Galleria, Suite 2160",new_canonical_id
2022-07-01,2022-06-01,opening,Mayors Jewelers,Georgia,BAtlanta,,MAYORSJEWELERS3393PEACHTREEROADNELENOXSQUARESUITE3038BATLANTAGEORGIA30326,,"3393 Peachtree Road N, ELenox Square, Suite #3038",new_canonical_id
2022-07-01,2022-06-01,opening,Mayors Jewelers,Florida,Coral Gables,,MAYORSJEWELERS342SANLORENZOAVEVILLAGEOFMERRICKPARKSUITE1005CORALGABLESFLORIDA33146,,"342 San Lorenzo Ave.Village of Merrick Park, Suite 1005",new_canonical_id
2022-07-01,2022-06-01,opening,Mayors Jewelers,Florida,Jacksonville,,MAYORSJEWELERS4834RIVERCITYDRIVESTJOHNSTOWNCENTERSUITE119JACKSONVILLEFLORIDA32246,,"4834 River City Drive, St. Johns Town Center, Suite 119",new_canonical_id
2022-07-01,2022-06-01,opening,Mayors Jewelers,Florida,Boca Raton,,MAYORSJEWELERS6000GLADESROADTOWNCENTERATBOCARATONSUITE1119BOCARATONFLORIDA33431,,"6000 Glades Road, Town Center at Boca Raton, Suite 1119",new_canonical_id
2022-07-01,2022-06-01,opening,Mayors Jewelers,Florida,Miami,,MAYORSJEWELERS7535NORTHKENDALLDRIVEDADELANDMALLSUITE1860MIAMIFLORIDA33156,,"7535 North Kendall Drive, Dadeland Mall, Suite 1860",new_canonical_id
2022-07-01,2022-06-01,opening,Mayors Jewelers,Florida,Orlando,,MAYORSJEWELERS8001SOUTHORANGEBLOSSOMTRAILFLORIDAMALLSUITE484ORLANDOFLORIDA32809,,"8001 South Orange Blossom Trail, Florida Mall, Suite #484",new_canonical_id
2022-07-01,2022-06-01,opening,R.F. Moeller Jeweler,Minnesota,Saint,,RFMOELLERJEWELER2065FORDPARKWAYSAINTMINNESOTA55116,,2065 Ford Parkway,new_canonical_id
2022-07-01,2022-06-01,opening,R.F. Moeller Jeweler,Minnesota,E,,RFMOELLERJEWELER5020FRANCEAVENUEEMINNESOTA55410,,5020 France Avenue,new_canonical_id
2022-07-01,2022-06-01,opening,Reeds Jewelers,Texas,Corpus Christi,,REEDSJEWELERS5488SOUTHSPADREDRLAPALMERAMALLSUITE1438CORPUSCHRISTITEXAS78411,,"5488 South S Padre Dr, La Palmera Mall, Suite 1438",new_canonical_id
2022-07-01,2022-06-01,opening,Reeds Jewelers,North Carolina,Wilmington,,REEDSJEWELERS926INSPIRATIONDRIVEMAYFAIRETOWNCENTERWILMINGTONNORTHCAROLINA28405,,"926 Inspiration Drive, Mayfaire Town Center",new_canonical_id
2022-07-01,2022-06-01,opening,Rolex Boutique Gearys,California,Los Angeles,,ROLEXBOUTIQUEGEARYS10250SANTAMONICABOULEVARDWESTFIELDCENTURYCITYSUITE1375LOSANGELESCALIFORNIA90067,,"10250 Santa Monica Boulevard, Westfield Century City, Suite # 1375",new_canonical_id
2022-07-01,2022-06-01,opening,Rolex Boutique Gearys,California,Santa Monica,,ROLEXBOUTIQUEGEARYS395SANTAMONICAPLACESANTAMONICAPLACESPACE159SANTAMONICACALIFORNIA90401,,"395 Santa Monica Place, Santa Monica Place, Space 159",new_canonical_id
2022-07-01,2022-06-01,opening,Rolex Boutique Tourneau,Hawaii,Honolulu,,ROLEXBOUTIQUETOURNEAU2330KALAKAUAAVENUEINTERNATIONALMARKETPLACESUITE101HONOLULUHAWAII96815,,"2330 Kalakaua Avenue, International Market Place, Suite #101",new_canonical_id
2022-07-01,2022-06-01,opening,Rolex Boutique Tourneau,California,Costa Mesa,,ROLEXBOUTIQUETOURNEAU3333BRISTOLSTREETSOUTHCOASTPLAZASUITE2001COSTAMESACALIFORNIA92626,,"3333 Bristol Street, South Coast Plaza, Suite # 2001",new_canonical_id
2022-07-01,2022-06-01,opening,Rolex Boutique Tourneau,Illinois,Chicago,,ROLEXBOUTIQUETOURNEAU701NORTHMICHIGANAVENUEWARWICKALLERTONCHICAGOILLINOIS60611,,"701 North Michigan Avenue, Warwick Allerton",new_canonical_id
2022-07-01,2022-06-01,opening,Rolex Boutique Tourneau,California,San Francisco,,ROLEXBOUTIQUETOURNEAU845MARKETSTREETWESTFIELDSANFRANCISCOCENTRESUITE129SANFRANCISCOCALIFORNIA94103,,"845 Market Street, Westfield San Francisco Centre, Suite 129",new_canonical_id
2022-07-01,2022-06-01,opening,Rolex Boutique Tourneau,Florida,Bal Harbour,,ROLEXBOUTIQUETOURNEAU9700COLLINSAVENUESHOPSATBALHARBOURSUITE227BALHARBOURFLORIDA33154,,"9700 Collins Avenue, Shops at Bal Harbour, Suite 227",new_canonical_id
2022-07-01,2022-06-01,opening,Tapper's Jewelry,Michigan,N,,TAPPERSJEWELRY27716NOVIROADTWELVEOAKSMALLNMICHIGAN48377,,"27716 Novi Road, Twelve Oaks Mall",new_canonical_id
2022-07-01,2022-06-01,opening,Tapper's Jewelry,Michigan,T,,TAPPERSJEWELRY2800WESTBIGBEAVERROADSOMERSETCOLLECTIONSUITE230TMICHIGAN48084,,"2800 West Big Beaver Road, Somerset Collection, Suite 230",new_canonical_id
2022-07-01,2022-06-01,opening,Tapper's Jewelry,Michigan,West Bloomfi,,TAPPERSJEWELRY6337ORCHARDLAKEROADWESTBLOOMFIMICHIGAN48322,,6337 Orchard Lake Road,new_canonical_id
2022-07-01,2022-06-01,opening,Thomas Markle Jewelers,Texas,Houston,,THOMASMARKLEJEWELERS947NORTHGESSNERROADSUITEA150HOUSTONTEXAS77024,,"947 North Gessner Road, Suite A150",new_canonical_id
2022-07-01,2022-06-01,opening,Thomas Markle Jewelers,Texas,The Woodlands,,THOMASMARKLEJEWELERS9595SIXPINESDRIVESUITE950THEWOODLANDSTEXAS77380,,"9595 Six Pines Drive, Suite 950",new_canonical_id
2022-07-01,2022-06-01,opening,Tourneau - Bucherer,Massachusetts,Boston,,TOURNEAUBUCHERER100HUNTINGTONAVENUECOPLEYPLACESUITEC007BOSTONMASSACHUSETTS02116,,"100 Huntington Avenue, Copley Place, Suite C-007",new_canonical_id
2022-07-01,2022-06-01,opening,Tourneau - Bucherer,Virginia,Arlington,,TOURNEAUBUCHERER1100SOUTHHAYESSTSPACEJ03FASHIONCENTREPENTAGONCITYARLINGTONVIRGINIA22202,,"1100 South Hayes St, Space J03, Fashion Centre @ Pentagon City",new_canonical_id
2022-07-01,2022-06-01,opening,Tourneau - Bucherer,New York,AWhite Plains,,TOURNEAUBUCHERER125WESTCHESTERAVENUESUITE2340AWHITEPLAINSNEWYORK10601,,"125 Westchester Avenue, Suite 2340",new_canonical_id
2022-07-01,2022-06-01,opening,Tourneau - Bucherer,Hawaii,Lahaina,,TOURNEAUBUCHERER2435KAANAPALIPARKWAYSUITEH9LAHAINAHAWAII96761,,"2435 Kaanapali Parkway, Suite H9",new_canonical_id
2022-07-01,2022-06-01,opening,Tourneau - Bucherer,Hawaii,Wailea,,TOURNEAUBUCHERER3750WAILEAALANUIDRIVETHESHOPSATWAILEASUITEEW6WAILEAHAWAII96753,,"3750 Wailea Alanui Drive, The Shops at Wailea, Suite #E, W6",new_canonical_id
2022-07-01,2022-06-01,opening,Tourneau - Bucherer,Florida,Naples,,TOURNEAUBUCHERER5495TAMIAMITRAILNORTHWATERSIDESHOPSATPELICANBAYNAPLESFLORIDA34108,,"5495 Tamiami Trail North, Waterside Shops at Pelican Bay",new_canonical_id
2022-07-01,2022-06-01,opening,Tourneau - Bucherer,New York,Garden City,,TOURNEAUBUCHERER630OLDCOUNTRYROADROOSEVELTFIELDMALLSUITE1100GARDENCITYNEWYORK11530,,"630 Old Country Road, Roosevelt Field Mall, Suite 1100",new_canonical_id
2022-07-01,2022-06-01,opening,Tourneau - Bucherer,Florida,Bal Harbour,,TOURNEAUBUCHERER9700COLLINSAVENUEBALHARBOURSHOPSSUITE210BALHARBOURFLORIDA33154,,"9700 Collins Avenue, Bal Harbour Shops, Suite 210",new_canonical_id
2022-07-01,2022-06-01,opening,Watches of Switzerland,Minnesota,Bloomin,,WATCHESOFSWITZERLAND136WESTMARKETMALLOFAMERICASUITEW136BLOOMINMINNESOTA55425,,"136 West Market, Mall of America, Suite W136",new_canonical_id
2022-07-01,2022-06-01,opening,Watches of Switzerland,New York,ANew York,,WATCHESOFSWITZERLAND20HUDSONYARDSHUDSONYARDSTHESHOPSSUITERU115ANEWYORKNEWYORK10001,,"20 Hudson Yards, Hudson Yards - The Shops, Suite , R, U #115",new_canonical_id
2022-07-01,2022-06-01,opening,Watches of Switzerland,Ohio,Cincinnati,,WATCHESOFSWITZERLAND7875MONTGOMERYROADKENWOODTOWNECENTERCINCINNATIOHIO45236,,"7875 Montgomery Road, Kenwood Towne Center",new_canonical_id
2022-07-01,2022-06-01,opening,deBoulle Diamond & Jewelry,Texas,Houston,,DEBOULLEDIAMONDJEWELRY4444WESTHEIMERROADRIVEROAKDISTRICTSUITEF105HOUSTONTEXAS77027,,"4444 Westheimer Road, River Oak District, Suite F105",new_canonical_id
2022-08-01,2022-07-01,closure,C.D. Peacock,Illinois,Skokie,CDPEACOCK4999OLDORCHARDROADOLDORCHARDCENTERSUITEN3SKOKIEILLINOIS60077,,"4999 Old Orchard Road, Old Orchard Center, Suite N3",,missing_from_current_snapshot
2022-08-01,2022-07-01,opening,Ben Bridge Jeweler,Hawaii,BHonolulu,,BENBRIDGEJEWELER1450ALAMOANABOULEVARDALAMOANASHOPPINGCENTERSUITE2212BHONOLULUHAWAII96814,,"1450 Ala Moana Boulevard, Ala Moana Shopping Center, Suite 2212",new_canonical_id
2022-08-01,2022-07-01,opening,Watches of Switzerland,New Jersey,Marlton,,WATCHESOFSWITZERLAND500ROUTE73SOUTHTHEPROMENADEATSAGEMORESTORED1MARLTONNEWJERSEY08053,,"500 Route 73 South, The Promenade at Sagemore, Store #D1",new_canonical_id
2022-09-01,2022-08-01,closure,Crown Jewelers,Virginia,Fredericksburg,CROWNJEWELERS200WILLIAMSSTREETFREDERICKSBURGVIRGINIA22401,,200 Williams Street,,missing_from_current_snapshot
2022-09-01,2022-08-01,closure,Rolex Boutique Long's,Massachusetts,Boston,ROLEXBOUTIQUELONGS8NEWBURYSTREETBOSTONMASSACHUSETTS02116,,8 Newbury Street,,missing_from_current_snapshot
2022-10-01,2022-09-01,closure,Adler's,Louisiana,Metairie,ADLERS2937VETERANSMEMORIALBOULEVARDSUITEBMETAIRIELOUISIANA70002,,"2937 Veteran's Memorial Boulevard, Suite B",,missing_from_current_snapshot
2022-10-01,2022-09-01,closure,Azzi Jewelers,Michigan,Lans,AZZIJEWELERS3007EASTSAGINAWSTREETLANSMICHIGAN48912,,3007 East Saginaw Street,,missing_from_current_snapshot
2022-10-01,2022-09-01,closure,Jackson Jewelers,Oregon,ESalem,JACKSONJEWELERS225LIBERTYSTREETNESALEMOREGON97301,,225 Liberty Street N,,missing_from_current_snapshot
2022-10-01,2022-09-01,closure,Martin Jewelers,New Jersey,Cranford,MARTINJEWELERS12NORTHAVENUEWESTCRANFORDNEWJERSEY07016,,12 North Avenue West,,missing_from_current_snapshot
2022-10-01,2022-09-01,closure,Murphy Jewelers Lehigh Valley (R),Pennsylvania,Whitehall,MURPHYJEWELERSLEHIGHVALLEYR948LEHIGHVALLEYLIFESTYLECENTERLEHIGHVALLEYMALLWHITEHALLPENNSYLVANIA18052,,"948 Lehigh Valley Lifestyle Center, Lehigh Valley Mall",,missing_from_current_snapshot
2022-10-01,2022-09-01,closure,Paul's Jewelry,Louisiana,Lafayette,PAULSJEWELRY600SILVERSTONEROADLAFAYETTELOUISIANA70508,,600 Silverstone Road,,missing_from_current_snapshot
2022-10-01,2022-09-01,move_or_detail_change,James & Williams,Illinois,Berwyn,JAMESWILLIAMS7020WESTCERMAKROADBERWYNILLINOIS60402,JAMESWILLIAMS7020CERMAKROADBERWYNILLINOIS60402,7020 West Cermak Road,7020 Cermak Road,address
2022-10-01,2022-09-01,move_or_detail_change,Thomas Markle Jewelers,Texas,Houston,THOMASMARKLEJEWELERS947NORTHGESSNERROADSUITEA150HOUSTONTEXAS77024,THOMASMARKLEJEWELERS947GESSNERROADSUITEA150HOUSTONTEXAS77024,"947 North Gessner Road, Suite A150","947 Gessner Road, Suite A150",address
2022-10-01,2022-09-01,opening,Murphy Jewelers,Pennsylvania,Whitehall,,MURPHYJEWELERS948LEHIGHVALLEYLIFESTYLECENTERLEHIGHVALLEYMALLWHITEHALLPENNSYLVANIA18052,,"948 Lehigh Valley Lifestyle Center, Lehigh Valley Mall",new_canonical_id
2022-11-01,2022-10-01,closure,Bruce G. Weber Precious Jewels,Oklahoma,Tulsa,BRUCEGWEBERPRECIOUSJEWELS1523EAST15THSTREETTULSAOKLAHOMA74120,,1523 East 15th Street,,missing_from_current_snapshot
2022-11-01,2022-10-01,closure,Moretti's Fine Jewelry,Texas,San Antonio,MORETTISFINEJEWELRY14230SANPEDROAVENUESANANTONIOTEXAS78232,,14230 San Pedro Avenue,,missing_from_current_snapshot
2022-11-01,2022-10-01,closure,The Diamond Cellar,Tennessee,Nashville,THEDIAMONDCELLAR3805GREENHILLSVILLAGEDRIVENASHVILLETENNESSEE37215,,3805 Green Hills Village Drive,,missing_from_current_snapshot
2022-11-01,2022-10-01,closure,The Diamond Cellar,Ohio,Columbus,THEDIAMONDCELLAR3960NEWBONDSTREETCOLUMBUSOHIO43219,,3960 New Bond Street,,missing_from_current_snapshot
2022-11-01,2022-10-01,closure,The Diamond Cellar,Ohio,Dublin,THEDIAMONDCELLAR6280SAWMILLROADDUBLINOHIO43017,,6280 Sawmill Road,,missing_from_current_snapshot
2022-11-01,2022-10-01,move_or_detail_change,Ben Bridge Jeweler,Alaska,Anchorage,BENBRIDGEJEWELER3104SEWARDHIGHWAYSUITESUITE3ANCHORAGEALASKA99503,BENBRIDGEJEWELER3104SEWARDHIGHWAYSUITE3ANCHORAGEALASKA99503,"3104 Seward Highway, Suite Suite 3","3104 Seward Highway, Suite 3",address
2022-11-01,2022-10-01,move_or_detail_change,Lee Michaels Fine Jewelry,Louisiana,Metairie,LEEMICHAELSFINEJEWELRY3301VETERANSBOULEVARDLAKESIDESHOPPINGCENTERSUITE110BMETAIRIELOUISIANA70002,LEEMICHAELSFINEJEWELRY3020NORTHCAUSEWAYBOULEVARDMETAIRIELOUISIANA70002,"3301 Veterans Boulevard, Lakeside Shopping Center, Suite 110",3020 North Causeway Boulevard,"address,city"
2022-11-01,2022-10-01,opening,Diamond Cellar,Oklahoma,Tulsa,,DIAMONDCELLAR1523EAST15THSTREETTULSAOKLAHOMA74120,,1523 East 15th Street,new_canonical_id
2022-11-01,2022-10-01,opening,Diamond Cellar,Tennessee,Nashville,,DIAMONDCELLAR3805GREENHILLSVILLAGEDRIVENASHVILLETENNESSEE37215,,3805 Green Hills Village Drive,new_canonical_id
2022-11-01,2022-10-01,opening,Diamond Cellar,Ohio,Columbus,,DIAMONDCELLAR3960NEWBONDSTREETCOLUMBUSOHIO43219,,3960 New Bond Street,new_canonical_id
2022-11-01,2022-10-01,opening,Diamond Cellar,Ohio,Dublin,,DIAMONDCELLAR6280SAWMILLROADDUBLINOHIO43017,,6280 Sawmill Road,new_canonical_id
2022-11-01,2022-10-01,opening,Rolex Boutique Long's,Massachusetts,Boston,,ROLEXBOUTIQUELONGS8NEWBURYSTREETBOSTONMASSACHUSETTS02116,,8 Newbury Street,new_canonical_id
2023-01-01,2022-12-01,opening,Radcliffe Jewelers,Delaware,Newark,,RADCLIFFEJEWELERS115CHRISTIANAMALLNEWARKDELAWARE19702,,115 Christiana Mall,new_canonical_id
2023-01-01,2022-12-01,opening,Tourneau - Bucherer,Florida,Palm Beach,,TOURNEAUBUCHERER175WORTHAVENUEPALMBEACHFLORIDA33480,,175 Worth Avenue,new_canonical_id
2023-02-01,2023-01-01,closure,Bernie Robbins Jewelers,New Jersey,Somers Point,BERNIEROBBINSJEWELERS507NEWROADSOMERSPOINTNEWJERSEY08244,,507 New Road,,missing_from_current_snapshot
2023-02-01,2023-01-01,closure,Bernie Robbins Jewelers,Pennsylvania,Villanova,BERNIEROBBINSJEWELERS775EASTLANCASTERAVENUEVILLANOVAPENNSYLVANIA19085,,775 East Lancaster Avenue,,missing_from_current_snapshot
2023-02-01,2023-01-01,closure,Brockhaus Jewelry,Oklahoma,Norman,BROCKHAUSJEWELRY2107WESTMAINNORMANOKLAHOMA73069,,2107 West Main,,missing_from_current_snapshot
2023-02-01,2023-01-01,closure,Gunderson's Jewelers,Iowa,Sioux City,GUNDERSONSJEWELERS4830SERGEANTRDLAKEPORTCOMMONSSIOUXCITYIOWA51106,,"4830 Sergeant Rd, Lakeport Commons",,missing_from_current_snapshot
2023-02-01,2023-01-01,closure,Mayors Jewelers,Florida,Jacksonville,MAYORSJEWELERS4834RIVERCITYDRIVESTJOHNSTOWNCENTERSUITE119JACKSONVILLEFLORIDA32246,,"4834 River City Drive, St. Johns Town Center, Suite 119",,missing_from_current_snapshot
2023-02-01,2023-01-01,closure,Precision Watches & Jewelry,Pennsylvania,Willow Grove,PRECISIONWATCHESJEWELRY2500MORELANDROADWILLOWGROVEPARKMALLSUITE1101WILLOWGROVEPENNSYLVANIA19090,,"2500 Moreland Road, Willow Grove Park Mall, Suite 1101",,missing_from_current_snapshot
2023-02-01,2023-01-01,closure,Robert C. Wesley Jewelers,Arizona,Scottsdale,ROBERTCWESLEYJEWELERS7088EASTFIFTHAVENUESCOTTSDALEARIZONA85251,,7088 East Fifth Avenue,,missing_from_current_snapshot
2023-03-01,2023-02-01,closure,Ben Bridge Jeweler,California,Riverside,BENBRIDGEJEWELER1236TYLERSTREETGALLERIAATTYLERSPACEG6RIVERSIDECALIFORNIA92503,,"1236 Tyler Street, Galleria at Tyler, Space G6",,missing_from_current_snapshot
2023-03-01,2023-02-01,closure,Susan Robinson Jewelry,Texas,Tyler,SUSANROBINSONJEWELRY6009SOUTHBROADWAYTYLERTEXAS75703,,6009 South Broadway,,missing_from_current_snapshot
2023-03-01,2023-02-01,move_or_detail_change,Bachendorf's,Texas,Dallas,BACHENDORFS13350DALLASPARKWAYGALLERIADALLAS1415DALLASTEXAS75240,BACHENDORFS13350DALLASPARKWAYGALLERIADALLAS1315DALLASTEXAS75240,"13350 Dallas Parkway, Galleria Dallas, #1415","13350 Dallas Parkway, Galleria Dallas, #1315",address
2023-04-01,2023-03-01,closure,Fourtané,California,Carmel By The Sea,FOURTANEOCEANAVENUEATLINCOLNSTREETCARMELBYTHESEACALIFORNIA93921,,Ocean Avenue at Lincoln Street,,missing_from_current_snapshot
2023-04-01,2023-03-01,closure,Lorilil Jewelers,New York,Forest Hills,LORILILJEWELERS1073471STAVENUEFORESTHILLSNEWYORK11375,,107-34 71st Avenue,,missing_from_current_snapshot
2023-04-01,2023-03-01,closure,Lucido Fine Jewelry,Michigan,Birming,LUCIDOFINEJEWELRY250NORTHOLDWOODWARDAVENUEBIRMINGMICHIGAN48009,,250 North Old Woodward Avenue,,missing_from_current_snapshot
2023-04-01,2023-03-01,closure,Lucido Fine Jewelry,Michigan,Sterling Heig,LUCIDOFINEJEWELRY42825SCHOENHERRROADSTERLINGHEIGMICHIGAN48313,,42825 Schoenherr Road,,missing_from_current_snapshot
2023-04-01,2023-03-01,closure,Morgan's Jewelers,California,Rolling Hills Estate,MORGANSJEWELERS50CPENINSULACENTERROLLINGHILLSESTATECALIFORNIA90274,,50-C Peninsula Center,,missing_from_current_snapshot
2023-04-01,2023-03-01,closure,Newtons Jewelers,Arkansas,Fort Smith,NEWTONSJEWELERS701GARRISONAVENUEFORTSMITHARKANSAS72901,,701 Garrison Avenue,,missing_from_current_snapshot
2023-04-01,2023-03-01,closure,R.F. Moeller Jeweler,Minnesota,Saint,RFMOELLERJEWELER2065FORDPARKWAYSAINTMINNESOTA55116,,2065 Ford Parkway,,missing_from_current_snapshot
2023-04-01,2023-03-01,closure,R.F. Moeller Jeweler,Minnesota,E,RFMOELLERJEWELER5020FRANCEAVENUEEMINNESOTA55410,,5020 France Avenue,,missing_from_current_snapshot
2023-04-01,2023-03-01,closure,Rolex Boutique Fourtané,California,ASan Diego,ROLEXBOUTIQUEFOURTANE7007FRIARSROADFASHIONVALLEYMALLSUITE390ASANDIEGOCALIFORNIA92108,,"7007 Friars Road, Fashion Valley Mall, Suite 390",,missing_from_current_snapshot
2023-04-01,2023-03-01,closure,Tapper's Jewelry,Michigan,N,TAPPERSJEWELRY27716NOVIROADTWELVEOAKSMALLNMICHIGAN48377,,"27716 Novi Road, Twelve Oaks Mall",,missing_from_current_snapshot
2023-04-01,2023-03-01,closure,Tapper's Jewelry,Michigan,T,TAPPERSJEWELRY2800WESTBIGBEAVERROADSOMERSETCOLLECTIONSUITE230TMICHIGAN48084,,"2800 West Big Beaver Road, Somerset Collection, Suite 230",,missing_from_current_snapshot
2023-04-01,2023-03-01,closure,Tapper's Jewelry,Michigan,West Bloomfi,TAPPERSJEWELRY6337ORCHARDLAKEROADWESTBLOOMFIMICHIGAN48322,,6337 Orchard Lake Road,,missing_from_current_snapshot
2023-04-01,2023-03-01,move_or_detail_change,Alexander's Jewelers,Texas,Texarkan,ALEXANDERSJEWELERS3701MALLDRIVETEXATEXAS75501,ALEXANDERSJEWELERS3701MALLDRIVETEXARKANTEXAS75501,3701 Mall Drive,3701 Mall Drive,city
2023-04-01,2023-03-01,move_or_detail_change,Exclusively Diamonds,Minnesota,Mankato,EXCLUSIVELYDIAMONDS1601ADAMSSTREETMANMINNESOTA56001,EXCLUSIVELYDIAMONDS1601ADAMSSTREETMANKATOMINNESOTA56001,1601 Adams Street,1601 Adams Street,city
2023-04-01,2023-03-01,move_or_detail_change,Lasker Jewelers,Minnesota,Rochester,LASKERJEWELERS101FIRSTSTREETSWROCHEMINNESOTA55902,LASKERJEWELERS101FIRSTSTREETSWROCHESTERMINNESOTA55902,101 First Street S,101 First Street SW,"address,city"
2023-04-01,2023-03-01,move_or_detail_change,Lucido Fine Jewelry of Rochester,Michigan,Rochester,LUCIDOFINEJEWELRYOFROCHESTER312SOUTHMAINSTREETROCHESMICHIGAN48307,LUCIDOFINEJEWELRYOFROCHESTER312SOUTHMAINSTREETROCHESTERMICHIGAN48307,312 South Main Street,312 South Main Street,city
2023-04-01,2023-03-01,move_or_detail_change,Medawar Fine Jewelry,Michigan,Flint,MEDAWARFINEJEWELRY3093SOUTHLINDENROADFLMICHIGAN48507,MEDAWARFINEJEWELRY3093SOUTHLINDENROADFLINTMICHIGAN48507,3093 South Linden Road,3093 South Linden Road,city
2023-04-01,2023-03-01,move_or_detail_change,Paul Medawar Fine Jewelry,Michigan,Grand Rapids,PAULMEDAWARFINEJEWELRY4518PLAINFIELDNEGRANDRAPMICHIGAN49525,PAULMEDAWARFINEJEWELRY4518PLAINFIELDNEGRANDRAPIDSMICHIGAN49525,4518 Plainfield N,4518 Plainfield NE,"address,city"
2023-04-01,2023-03-01,move_or_detail_change,Rottermond Jewelers,Michigan,Brighton,ROTTERMONDJEWELERS102EASTMAINSTREETBRIGHMICHIGAN48116,ROTTERMONDJEWELERS102EASTMAINSTREETBRIGHTONMICHIGAN48116,102 East Main Street,102 East Main Street,city
2023-04-01,2023-03-01,move_or_detail_change,Watches of Switzerland,Minnesota,Bloomington,WATCHESOFSWITZERLAND136WESTMARKETMALLOFAMERICASUITEW136BLOOMINMINNESOTA55425,WATCHESOFSWITZERLAND136WESTMARKETMALLOFAMERICASUITEW136BLOOMINGTONMINNESOTA55425,"136 West Market, Mall of America, Suite W136","136 West MarketMall of America, Suite W136","address,city"
2023-04-01,2023-03-01,move_or_detail_change,Wixon Jewelers,Minnesota,Bloomington,WIXONJEWELERS9955LYNDALEAVENUESOUTHBLOOMINMINNESOTA55420,WIXONJEWELERS9955LYNDALEAVENUESOUTHBLOOMINGTONMINNESOTA55420,9955 Lyndale Avenue South,9955 Lyndale Avenue South,city
2023-04-01,2023-03-01,opening,Fourtan,California,Carmel By The Sea,,FOURTANOCEANAVENUEATLINCOLNSTREETCARMELBYTHESEACALIFORNIA93921,,Ocean Avenue at Lincoln Street,new_canonical_id
2023-04-01,2023-03-01,opening,Lucido Fine Jewelry,Michigan,Birmingham,,LUCIDOFINEJEWELRY250NORTHOLDWOODWARDAVENUEBIRMINGHAMMICHIGAN48009,,250 North Old Woodward Avenue,new_canonical_id
2023-04-01,2023-03-01,opening,Lucido Fine Jewelry,Michigan,Sterling Heights,,LUCIDOFINEJEWELRY42825SCHOENHERRROADSTERLINGHEIGHTSMICHIGAN48313,,42825 Schoenherr Road,new_canonical_id
2023-04-01,2023-03-01,opening,R.F. Moeller Jeweler,Minnesota,Saint Paul,,RFMOELLERJEWELER2065FORDPARKWAYSAINTPAULMINNESOTA55116,,2065 Ford Parkway,new_canonical_id
2023-04-01,2023-03-01,opening,R.F. Moeller Jeweler,Minnesota,Edina,,RFMOELLERJEWELER5020FRANCEAVENUEEDINAMINNESOTA55410,,5020 France Avenue,new_canonical_id
2023-04-01,2023-03-01,opening,Rolex Boutique Fourtan,California,San Diego,,ROLEXBOUTIQUEFOURTAN7007FRIARSROADFASHIONVALLEYMALLSUITE390ASANDIEGOCALIFORNIA92108,,"7007 Friars RoadFashion Valley Mall, Suite 390A",new_canonical_id
2023-04-01,2023-03-01,opening,Tapper's Jewelry,Michigan,Novi,,TAPPERSJEWELRY20800HAGGERTYROADNOVIMICHIGAN48375,,20800 Haggerty Road,new_canonical_id
2023-04-01,2023-03-01,opening,Tapper's Jewelry,Michigan,Troy,,TAPPERSJEWELRY2800WESTBIGBEAVERROADSOMERSETCOLLECTIONSUITE230TROYMICHIGAN48084,,"2800 West Big Beaver RoadSomerset Collection, Suite 230",new_canonical_id
2023-04-01,2023-03-01,opening,Tapper's Jewelry,Michigan,West Bloomfield,,TAPPERSJEWELRY6337ORCHARDLAKEROADWESTBLOOMFIELDMICHIGAN48322,,6337 Orchard Lake Road,new_canonical_id
2023-05-01,2023-04-01,closure,The Richter & Phillips Company,Ohio,Cincinnati,THERICHTERPHILLIPSCOMPANY601MAINSTREETCINCINNATIOHIO45202,,601 Main Street,,missing_from_current_snapshot
2023-05-01,2023-04-01,closure,Tourneau - Bucherer,Florida,Bal Harbour,TOURNEAUBUCHERER9700COLLINSAVENUEBALHARBOURSHOPSSUITE210BALHARBOURFLORIDA33154,,"9700 Collins AvenueBal Harbour Shops, Suite 210",,missing_from_current_snapshot
2023-05-01,2023-04-01,opening,Bucherer 1888,Florida,Bal Harbour,,BUCHERER18889700COLLINSAVENUEBALHARBOURSHOPSSUITE210BALHARBOURFLORIDA33154,,"9700 Collins AvenueBal Harbour Shops, Suite 210",new_canonical_id
2023-05-01,2023-04-01,opening,Richter & Phillips Jewelers,Ohio,Cincinnati,,RICHTERPHILLIPSJEWELERS601MAINSTREETCINCINNATIOHIO45202,,601 Main Street,new_canonical_id
2023-06-01,2023-05-01,closure,Ben Bridge Jeweler,Hawaii,Honolulu,BENBRIDGEJEWELER1450ALAMOANABOULEVARDALAMOANASHOPPINGCENTERSUITE2700HONOLULUHAWAII96814,,"1450 Ala Moana BoulevardAla Moana Shopping Center, Suite 2700",,missing_from_current_snapshot
2023-06-01,2023-05-01,closure,Leeds & Son,California,Palm Desert,LEEDSSON73670ELPASEOPALMDESERTCALIFORNIA92260,,73-670 El Paseo,,missing_from_current_snapshot
2023-06-01,2023-05-01,closure,Tourneau - Bucherer Time Dome,Nevada,Las Vegas,TOURNEAUBUCHERERTIMEDOME3500LASVEGASBLVDSOUTHTHEFORUMSHOPSSUITEE18ALASVEGASNEVADA89109,,"3500 Las Vegas Blvd SouthThe Forum Shops, Suite #E18A",,missing_from_current_snapshot
2023-06-01,2023-05-01,move_or_detail_change,Kravit Jewelers,New York,Oceanside,KRAVITJEWELERS3187LONGBEACHROADOCEANSIDENEWYORK11572,KRAVITJEWELERS3151LONGBEACHROADOCEANSIDENEWYORK11572,3187 Long Beach Road,3151 Long Beach Road,address
2023-06-01,2023-05-01,move_or_detail_change,Tourneau - Bucherer,New York,White Plains,TOURNEAUBUCHERER125WESTCHESTERAVENUESUITE2340AWHITEPLAINSNEWYORK10601,TOURNEAUBUCHERER125WESTCHESTERAVENUEWESTCHESTERMALLSUITE1310WHITEPLAINSNEWYORK10601,"125 Westchester Avenue, Suite 2340A",125 Westchester AvenueWestchester Mall Suite 1310,address
2023-06-01,2023-05-01,opening,Bucherer 1888 Time Dome,Nevada,Las Vegas,,BUCHERER1888TIMEDOME3500LASVEGASBLVDSOUTHTHEFORUMSHOPSSUITEE18ALASVEGASNEVADA89109,,"3500 Las Vegas Blvd SouthThe Forum Shops, Suite #E18A",new_canonical_id
2023-06-01,2023-05-01,opening,Leeds & Son Jewelers,California,Palm Desert,,LEEDSSONJEWELERS73670ELPASEOPALMDESERTCALIFORNIA92260,,73-670 El Paseo,new_canonical_id
2023-07-01,2023-06-01,closure,Ben Bridge Jeweler,Washington,Seattle,BENBRIDGEJEWELER13305THAVENUESEATTLEWASHINGTON98101,,1330 5th Avenue,,missing_from_current_snapshot
2023-07-01,2023-06-01,closure,Ben Bridge Jeweler,Hawaii,Honolulu,BENBRIDGEJEWELER1450ALAMOANABOULEVARDALAMOANASHOPPINGCENTERSUITE2212BHONOLULUHAWAII96814,,"1450 Ala Moana BoulevardAla Moana Shopping Center, Suite 2212B",,missing_from_current_snapshot
2023-07-01,2023-06-01,move_or_detail_change,James & Sons,Illinois,Orland Park,JAMESSONS15234SOUTHLAGRANGEROADORLANDPARKILLINOIS60462,JAMESSONS14205SOUTHLAGRANGEROADORLANDPARKILLINOIS60462,15234 South LaGrange Road,14205 South LaGrange Road,address
2023-07-01,2023-06-01,move_or_detail_change,Lee Michaels Fine Jewelry,Texas,San Antonio,LEEMICHAELSFINEJEWELRY7400SANPEDROAVENUENORTHSTARMALLSUITE422SANANTONIOTEXAS78216,LEEMICHAELSFINEJEWELRY255EASTBASSROADTHEALAMOQUARRYMARKETSUITE900SANANTONIOTEXAS78209,"7400 San Pedro AvenueNorth Star Mall, Suite 422","255 East Bass RoadThe Alamo Quarry Market, Suite 900","address,zip_code"
2023-07-01,2023-06-01,move_or_detail_change,Liljenquist & Beckstead,Maryland,Bethesda,LILJENQUISTBECKSTEAD7101DEMOCRACYBOULEVARD2412MONTGOMERYMALLBETHESDAMARYLAND20817,LILJENQUISTBECKSTEAD7101DEMOCRACYBOULEVARDMONTGOMERYMALLSUITE2412BETHESDAMARYLAND20817,"7101 Democracy Boulevard, 2412 Montgomery Mall",7101 Democracy BoulevardMontgomery Mall Suite 2412,address
2023-07-01,2023-06-01,opening,Ben Bridge Jeweler,Washington,Seattle,,BENBRIDGEJEWELER15305THAVENUESEATTLEWASHINGTON98101,,1530 5th Avenue,new_canonical_id
2023-07-01,2023-06-01,opening,Watches of Switzerland,New Jersey,East Rutherford,,WATCHESOFSWITZERLAND1AMERICANDREAMWAYAMERICANDREAMSUITEE264EASTRUTHERFORDNEWJERSEY07073,,1 American Dream WayAmerican Dream Suite E264,new_canonical_id
2023-08-01,2023-07-01,closure,Fink's Jewelers,Virginia,Charlottesville,FINKSJEWELERS1025EMMETSTREETNORTHBARRACKSROADSHOPPINGCENTERCHARLOTTESVILLEVIRGINIA22903,,1025 Emmet Street NorthBarracks Road Shopping Center,,missing_from_current_snapshot
2023-08-01,2023-07-01,closure,Mayors Jewelers,Florida,Boca Raton,MAYORSJEWELERS6000GLADESROADTOWNCENTERATBOCARATONSUITE1119BOCARATONFLORIDA33431,,"6000 Glades RoadTown Center at Boca Raton, Suite 1119",,missing_from_current_snapshot
2023-08-01,2023-07-01,move_or_detail_change,Lee Michaels Fine Jewelry,Texas,San Antonio,LEEMICHAELSFINEJEWELRY255EASTBASSROADTHEALAMOQUARRYMARKETSUITE900SANANTONIOTEXAS78209,LEEMICHAELSFINEJEWELRY255EASTBASSEROADSUITE900SANANTONIOTEXAS78209,"255 East Bass RoadThe Alamo Quarry Market, Suite 900",255 east Basse RoadSuite 900,address
2023-09-01,2023-08-01,closure,Betteridge Jewelers,Colorado,Vail,BETTERIDGEJEWELERS141EASTMEADOWDRIVEVAILCOLORADO81657,,141 East Meadow Drive,,missing_from_current_snapshot
2023-09-01,2023-08-01,move_or_detail_change,Brown & Company,Georgia,Atlanta,BROWNCOMPANY3225PEACHTREEROADNEATLANTAGEORGIA30305,BROWNCOMPANY3005BOLLINGWAYSUITEG132ATLANTAGEORGIA30305,3225 Peachtree Road NE,3005 Bolling WaySuite G132,address
2023-09-01,2023-08-01,opening,Mayors Jewelers,Florida,Boca Raton,,MAYORSJEWELERS6000GLADESROADTOWNCENTERATBOCARATONSUITE1119BOCARATONFLORIDA33431,,"6000 Glades RoadTown Center at Boca Raton, Suite 1119",new_canonical_id
2023-09-01,2023-08-01,opening,Rolex Boutique Ben Bridge,Hawaii,Honolulu,,ROLEXBOUTIQUEBENBRIDGE1450ALAMOANABOULEVARDALAMOANASHOPPINGCENTERSUITE2212BHONOLULUHAWAII96814,,1450 Ala Moana BoulevardAla Moana Shopping Center Suite 2212B,new_canonical_id
2023-10-01,2023-09-01,closure,Lasker Jewelers,Minnesota,Rochester,LASKERJEWELERS101FIRSTSTREETSWROCHESTERMINNESOTA55902,,101 First Street SW,,missing_from_current_snapshot
2023-10-01,2023-09-01,closure,Tivol,Kansas,Overland Park,TIVOL4721WEST119THSTREETHAWTHORNEPLAZAOVERLANDPARKKANSAS66209,,4721 West 119th StreetHawthorne Plaza,,missing_from_current_snapshot
2023-10-01,2023-09-01,move_or_detail_change,Brown & Company,Georgia,Atlanta,BROWNCOMPANY3005BOLLINGWAYSUITEG132ATLANTAGEORGIA30305,BROWNCOMPANY3003BOLLINGWAYSUITEG132ATLANTAGEORGIA30305,3005 Bolling WaySuite G132,3003 Bolling WaySuite G132,address
2023-10-01,2023-09-01,move_or_detail_change,Shreve & Co.,California,Palo Alto,SHREVECO329ELCAMINOREALQUARRYROADSTANFORDSHOPPINGCENTERPALOALTOCALIFORNIA94304,SHREVECO329ELCAMINOREALQUARRYROADSTANFORDSHOPPINGCENTERSUITE129BPALOALTOCALIFORNIA94304,329 El Camino Real & Quarry RoadStanford Shopping Center,"329 El Camino Real & Quarry RoadStanford Shopping Center, Suite 129-B",address
2023-10-01,2023-09-01,opening,Betteridge Jewelers,Colorado,Vail,,BETTERIDGEJEWELERS141EASTMEADOWDRIVEVAILCOLORADO81657,,141 East Meadow Drive,new_canonical_id
